-- phpMyAdmin SQL Dump
-- version 4.7.0
-- https://www.phpmyadmin.net/
--
-- Hôte : 127.0.0.1
-- Généré le :  jeu. 07 fév. 2019 à 15:54
-- Version du serveur :  10.1.22-MariaDB
-- Version de PHP :  7.1.4

SET SQL_MODE = "NO_AUTO_VALUE_ON_ZERO";
SET AUTOCOMMIT = 0;
START TRANSACTION;
SET time_zone = "+00:00";


/*!40101 SET @OLD_CHARACTER_SET_CLIENT=@@CHARACTER_SET_CLIENT */;
/*!40101 SET @OLD_CHARACTER_SET_RESULTS=@@CHARACTER_SET_RESULTS */;
/*!40101 SET @OLD_COLLATION_CONNECTION=@@COLLATION_CONNECTION */;
/*!40101 SET NAMES utf8mb4 */;

--
-- Base de données :  `bibliotheque`
--

-- --------------------------------------------------------

--
-- Structure de la table `abonnement`
--

CREATE TABLE `abonnement` (
  `id_abonnement` int(11) NOT NULL,
  `type` varchar(255) NOT NULL,
  `montant` decimal(10,0) NOT NULL,
  `nbre_ouvrage_lire` int(11) NOT NULL,
  `nbre_ouvrage_telec` int(11) NOT NULL,
  `slogan` varchar(255) NOT NULL
) ENGINE=InnoDB DEFAULT CHARSET=utf8;

--
-- Déchargement des données de la table `abonnement`
--

INSERT INTO `abonnement` (`id_abonnement`, `type`, `montant`, `nbre_ouvrage_lire`, `nbre_ouvrage_telec`, `slogan`) VALUES
(1, 'Premium', '10', 7, 3, 'Abonnement pour des mpiakers :-)<br />Ne vous fachez pas ;-)'),
(2, 'Elementaire', '10', 30, 15, 'Votre confiance nous aide<br />à faire encore mieux :-)'),
(3, 'Solo', '30', 85, 50, 'Votre abonnement captive<br />notre attention vers vous');

-- --------------------------------------------------------

--
-- Structure de la table `auteur`
--

CREATE TABLE `auteur` (
  `id_auteur` int(11) NOT NULL,
  `nom` varchar(15) NOT NULL,
  `postnom` varchar(15) NOT NULL,
  `prenom` varchar(15) NOT NULL,
  `sexe` enum('M','F') NOT NULL,
  `nationalite` varchar(100) NOT NULL,
  `numTel` varchar(20) NOT NULL
) ENGINE=InnoDB DEFAULT CHARSET=utf8;

--
-- Déchargement des données de la table `auteur`
--

INSERT INTO `auteur` (`id_auteur`, `nom`, `postnom`, `prenom`, `sexe`, `nationalite`, `numTel`) VALUES
(1, 'Super mario', 'Mandarin', 'Nullar', 'M', 'Congolaise', '0999999999'),
(2, 'Katshuva', 'Claris', 'Charlotte', 'F', 'Congolaise', '0999999998'),
(3, 'Don de Dieu', 'Bolenge', 'Moliso', 'F', 'Angolaise', '0999999997'),
(4, 'Jean', 'Paul', 'Ilunga', 'M', 'Congolaise', '0999999990');

-- --------------------------------------------------------

--
-- Structure de la table `categorie`
--

CREATE TABLE `categorie` (
  `id_cat` int(11) NOT NULL,
  `libelle_cat` varchar(100) NOT NULL,
  `resume` varchar(300) DEFAULT NULL,
  `img` varchar(300) DEFAULT NULL
) ENGINE=InnoDB DEFAULT CHARSET=utf8;

--
-- Déchargement des données de la table `categorie`
--

INSERT INTO `categorie` (`id_cat`, `libelle_cat`, `resume`, `img`) VALUES
(1, 'Informatiques', 'Réprésente la liste des ouvrages informatiques', 'info.png'),
(2, 'Sante et Medical', 'Catégorie des ouvrages de la comptabilité et de la statistiques', 'medical.jpg'),
(3, 'Comptabilite', 'Catégorie des ouvrages de la comptabilité et de la statistiques', 'compte_et_stat.jpg'),
(4, 'Autres', 'Juste pour les petits ouvrages d\'essaie', NULL);

-- --------------------------------------------------------

--
-- Structure de la table `consulter`
--

CREATE TABLE `consulter` (
  `id_lect` int(11) NOT NULL,
  `id_ouvrage` int(11) NOT NULL,
  `date_consult` datetime NOT NULL DEFAULT CURRENT_TIMESTAMP
) ENGINE=InnoDB DEFAULT CHARSET=utf8;

--
-- Déchargement des données de la table `consulter`
--

INSERT INTO `consulter` (`id_lect`, `id_ouvrage`, `date_consult`) VALUES
(19, 4, '2019-01-19 12:37:00');

-- --------------------------------------------------------

--
-- Structure de la table `ecrire`
--

CREATE TABLE `ecrire` (
  `id_ouvrage` int(11) NOT NULL,
  `id_auteur` int(11) NOT NULL
) ENGINE=InnoDB DEFAULT CHARSET=utf8;

--
-- Déchargement des données de la table `ecrire`
--

INSERT INTO `ecrire` (`id_ouvrage`, `id_auteur`) VALUES
(2, 3),
(4, 2),
(5, 4),
(6, 4),
(10, 1);

-- --------------------------------------------------------

--
-- Structure de la table `lecteur`
--

CREATE TABLE `lecteur` (
  `id_lect` int(11) NOT NULL,
  `nom` varchar(15) NOT NULL,
  `prenom` varchar(15) NOT NULL,
  `sexe` enum('M','F') NOT NULL,
  `numTel` varchar(20) NOT NULL,
  `password` varchar(50) NOT NULL
) ENGINE=InnoDB DEFAULT CHARSET=utf8;

--
-- Déchargement des données de la table `lecteur`
--

INSERT INTO `lecteur` (`id_lect`, `nom`, `prenom`, `sexe`, `numTel`, `password`) VALUES
(1, 'Bolenge', 'Don de Dieu', 'M', '+243826302208', '+243826302208'),
(2, 'Essaie', 'Gloire', 'F', '+2439045102', ''),
(3, 'Ilunga', 'Felly', 'M', '+243826302206', '243826302206'),
(4, 'Malu', 'Juditte', 'F', '+917338611384', '+917338611384'),
(5, 'Malu', 'Jubrine', 'F', '+243897654345', '+243897654345'),
(6, 'Claude', 'Glorai', 'F', '+243898765432', '+243898765432'),
(7, 'Bolenge', 'Don', 'M', '+243904510204', '+243904510204'),
(8, 'Ekolo', 'Mwana', 'M', '+222898765432', '+222898765432'),
(9, 'Ekolo', 'Mwana', 'M', '+222898765434', '+222898765434'),
(10, 'Ekolo', 'Mwana', 'M', '+222898765439', '+222898765439'),
(11, 'Ekolo', 'Mwana Mwinda', 'M', '+222898765430', '+222898765430'),
(12, 'Solange', 'Luk', 'F', '+123435667890', '+123435667890'),
(13, 'Solange', 'Luku', 'F', '+123435667899', '+123435667899'),
(14, 'Juillte', 'Lukuka', 'F', '+123435667811', '+123435667811'),
(15, 'Mllu', 'Loui', 'M', '+123435667810', '+12343566781'),
(16, 'Moise', 'Loui', 'M', '+123435667814', '+123435667814'),
(17, 'Moise', 'Louise', 'M', '+123435667816', '+123435667816'),
(18, 'Moise', 'Louisette', 'M', '+123435667817', '+123435667817'),
(19, 'Elongo', 'Sophie', 'F', '+243811586808', '+243811586808'),
(20, 'Test', 'Hugues', 'M', '+123435007810', '+123435007810'),
(21, 'Mukengeshayi', 'Hugues', 'M', '+243810830665', '+243810830665'),
(22, 'sss', 'sss', 'M', '+243809087654', '+243809087654');

-- --------------------------------------------------------

--
-- Structure de la table `maison_edition`
--

CREATE TABLE `maison_edition` (
  `id_maison` int(11) NOT NULL,
  `nom_maison` varchar(20) NOT NULL,
  `adresse` varchar(150) NOT NULL
) ENGINE=InnoDB DEFAULT CHARSET=utf8;

--
-- Déchargement des données de la table `maison_edition`
--

INSERT INTO `maison_edition` (`id_maison`, `nom_maison`, `adresse`) VALUES
(1, 'ISIPA Edition', 'ISIPA Edition / Shaumba'),
(2, 'MAKWANDUNGU', 'MUSHI LINGWALA');

-- --------------------------------------------------------

--
-- Structure de la table `ouvrage`
--

CREATE TABLE `ouvrage` (
  `id_ouvrage` int(11) NOT NULL,
  `nbre_page` int(11) NOT NULL,
  `titre` varchar(100) NOT NULL,
  `contenu` text NOT NULL,
  `id_cat` int(11) NOT NULL,
  `id_maison` int(11) NOT NULL,
  `created` datetime DEFAULT CURRENT_TIMESTAMP,
  `resume` varchar(300) DEFAULT NULL
) ENGINE=InnoDB DEFAULT CHARSET=utf8;

--
-- Déchargement des données de la table `ouvrage`
--

INSERT INTO `ouvrage` (`id_ouvrage`, `nbre_page`, `titre`, `contenu`, `id_cat`, `id_maison`, `created`, `resume`) VALUES
(2, 1, 'Ouvrage d\'essaie', '<p style=\"margin-left:0cm; margin-right:0cm; text-align:center\"><span style=\"font-size:11pt\"><span style=\"font-family:&quot;Calibri&quot;,sans-serif\"><strong><span style=\"font-size:24.0pt\"><span style=\"font-family:Consolas\">LA MORT</span></span></strong></span></span></p>\r\n\r\n<p style=\"margin-left:0cm; margin-right:0cm\"><span style=\"font-size:11pt\"><span style=\"font-family:&quot;Calibri&quot;,sans-serif\"><span style=\"font-size:12.0pt\"><span style=\"font-family:Consolas\">Partout, en tout moment nous sommes entour&eacute;s des objets qui permettent facilement &agrave; la mort de nous atteindre.</span></span></span></span></p>\r\n\r\n<p style=\"margin-left:0cm; margin-right:0cm\"><span style=\"font-size:11pt\"><span style=\"font-family:&quot;Calibri&quot;,sans-serif\"><span style=\"font-size:12.0pt\"><span style=\"font-family:Consolas\">La mort est partout&nbsp;: dans le bus, l&rsquo;avion, &agrave; la maison, au lit, pendant le sommeil, en ville, au village, au bureau...</span></span></span></span></p>\r\n\r\n<p style=\"margin-left:0cm; margin-right:0cm\"><span style=\"font-size:11pt\"><span style=\"font-family:&quot;Calibri&quot;,sans-serif\"><span style=\"font-size:12.0pt\"><span style=\"font-family:Consolas\">Personne ne peut s&rsquo;&eacute;chapper de lui, quand il vous atteint, le grand chagrin attrape ceux qui vous aimaient beaucoup, tout le monde choqu&eacute;, des pleurs, mais cela est aussi une occasion de joie pour ceux qui vous d&eacute;testaient.</span></span></span></span></p>\r\n\r\n<p style=\"margin-left:0cm; margin-right:0cm\"><span style=\"font-size:11pt\"><span style=\"font-family:&quot;Calibri&quot;,sans-serif\"><span style=\"font-size:12.0pt\"><span style=\"font-family:Consolas\">Personne ne sait o&ugrave; et quand la mort lui saisira, d&rsquo;autres personnes (sorciers, occultistes, f&eacute;ticheurs...) pensent pour qu&rsquo;elles s&rsquo;&eacute;chappent de la mort, elles doivent tuer les autres pour prendre leurs jours restants de vivre, or tout est contraire. Chacun a son ann&eacute;e, mois, jour, heure, minute, seconde; son lieu. Comme tout homme a une date et lieu de naissance, ainsi pareil qu&rsquo;il y aura aussi une date et un lieu de d&eacute;c&egrave;s.</span></span></span></span></p>\r\n\r\n<p style=\"margin-left:0cm; margin-right:0cm\"><span style=\"font-size:11pt\"><span style=\"font-family:&quot;Calibri&quot;,sans-serif\"><span style=\"font-size:12.0pt\"><span style=\"font-family:Consolas\">La mort est avantag&eacute;e pour d&rsquo;autres personnes qui trouvent que le monde n&rsquo;a rien d&rsquo;assez important pour eux. Quelqu&rsquo;un qui fait vingt trente, quarante ans &agrave; l&rsquo;h&ocirc;pital toujours souffrant trouvera que la vie ne lui sert plus &agrave; rien, il pr&eacute;f&egrave;rerait mourir pour en finir une fois pour toutes que continuer de souffrir. De m&ecirc;me d&rsquo;autres personnes trouvent la mort b&eacute;n&eacute;fique pour quitter ce monde &agrave; cause des p&eacute;ch&eacute;s et de la perversion du monde, d&rsquo;autres vue qu&rsquo;elles sont incapables d&rsquo;assumer leur responsabilit&eacute; en tant que parent pr&eacute;f&egrave;rent mourir parce que la vie lui prend toute la t&ecirc;te. Chacun avec sa propre raison.</span></span></span></span></p>\r\n\r\n<p style=\"margin-left:0cm; margin-right:0cm\"><span style=\"font-size:11pt\"><span style=\"font-family:&quot;Calibri&quot;,sans-serif\"><span style=\"font-size:12.0pt\"><span style=\"font-family:Consolas\">Quand Dieu avait cr&eacute;&eacute; le monde, la mort n&rsquo;existe pas, ni les malheurs, ni souffrances. Il avait plac&eacute; la vie dans chaque cr&eacute;ature, tout &eacute;tait prosp&egrave;re, mais le diable &eacute;tait venu tout pervertir. <strong><em>Il a perverti la vie &agrave; la mort, la v&eacute;rit&eacute; en mensonge, le bonheur en malheur, l&rsquo;amour en haine, le piti&eacute; en m&eacute;chancet&eacute;...</em></strong></span></span></span></span></p>\r\n\r\n<p style=\"margin-left:0cm; margin-right:0cm\">&nbsp;</p>\r\n\r\n<p style=\"margin-left:0cm; margin-right:0cm; text-align:center\"><span style=\"font-size:11pt\"><span style=\"font-family:&quot;Calibri&quot;,sans-serif\"><strong><span style=\"font-size:24.0pt\"><span style=\"font-family:Consolas\">LA VANITE</span></span></strong></span></span></p>\r\n\r\n<p style=\"margin-left:0cm; margin-right:0cm\"><span style=\"font-size:11pt\"><span style=\"font-family:&quot;Calibri&quot;,sans-serif\"><span style=\"font-size:12.0pt\"><span style=\"font-family:Consolas\">Ouais nous vivons sur la terre&nbsp;; ce dernier est rempli des pleines de choses, beaucoup que nous n&rsquo;avons jamais vu, d&rsquo;autres que nous ne verrons jamais jusqu&rsquo;&agrave; ce que nous mourrons.</span></span></span></span></p>\r\n\r\n<p style=\"margin-left:0cm; margin-right:0cm\"><span style=\"font-size:11pt\"><span style=\"font-family:&quot;Calibri&quot;,sans-serif\"><span style=\"font-size:12.0pt\"><span style=\"font-family:Consolas\">Et bien peu importe le rang social, la richesse, l&rsquo;honneur, le pouvoir ou toute autre chose pr&eacute;cieuse que nous pourrions avoir sur cette terre, mais rien n&rsquo;est comme la parole de Dieu, et tout ce que nous poss&eacute;dons sur cette terre disparaitra un jour, quand nous mourrons, tout reste et peu importe combien nous pourrions &ecirc;tre manqu&eacute; par ceux qui nous aiment, mais un jour nos noms seront effac&eacute;s de leurs m&eacute;moires, et ils continueront leurs vies en vous oubliant compl&eacute;tement.</span></span></span></span></p>\r\n\r\n<p style=\"margin-left:0cm; margin-right:0cm\"><span style=\"font-size:11pt\"><span style=\"font-family:&quot;Calibri&quot;,sans-serif\"><span style=\"font-size:12.0pt\"><span style=\"font-family:Consolas\">Il n&rsquo;y a qu&rsquo;une seule chose que depuis lors je n&rsquo;ai jamais eu sur cette terre si ce n&rsquo;est que la gr&acirc;ce de Dieu, quelque chose que je n&rsquo;ai point m&eacute;rit&eacute;, &ccedil;a ne d&eacute;pend ni de ma volont&eacute;, ni de mes efforts, ni de mes parents,&nbsp; c&rsquo;est Dieu qui choisit, c&rsquo;est lui seul qui fait mis&eacute;ricorde &agrave; qui il veut.</span></span></span></span></p>\r\n', 4, 1, '2019-01-13 16:08:19', 'Juste un contenu pour faire genre...');
INSERT INTO `ouvrage` (`id_ouvrage`, `nbre_page`, `titre`, `contenu`, `id_cat`, `id_maison`, `created`, `resume`) VALUES
(4, 80, 'PATHOLOGIE CHIRURGICALE  SPECIALE\r\nUROLOGIE', '<p style=\"margin-left:0cm; margin-right:0cm; text-align:center\"><br />\r\n<span style=\"font-size:10pt\"><span style=\"font-family:&quot;Times New Roman&quot;,serif\"><strong><span style=\"font-size:12.0pt\"><span style=\"font-family:&quot;Times&quot;,serif\"><span style=\"color:black\">UNIVERSITE DE KINSHASA</span></span></span></strong></span></span></p>\r\n\r\n<p style=\"margin-left:0cm; margin-right:0cm; text-align:center\"><span style=\"font-size:10pt\"><span style=\"font-family:&quot;Times New Roman&quot;,serif\"><strong><span style=\"font-size:12.0pt\"><span style=\"font-family:&quot;Times&quot;,serif\"><span style=\"color:black\">FACULTE DE MEDECINE</span></span></span></strong></span></span></p>\r\n\r\n<p style=\"margin-left:0cm; margin-right:0cm; text-align:center\"><span style=\"font-size:10pt\"><span style=\"font-family:&quot;Times New Roman&quot;,serif\"><strong><span style=\"font-size:12.0pt\"><span style=\"font-family:&quot;Times&quot;,serif\"><span style=\"color:black\">DEPARTEMENT DE CHIRURGIE</span></span></span></strong></span></span></p>\r\n\r\n<p style=\"margin-left:0cm; margin-right:0cm; text-align:center\">&nbsp;</p>\r\n\r\n<p style=\"margin-left:0cm; margin-right:0cm; text-align:center\">&nbsp;</p>\r\n\r\n<p style=\"margin-left:0cm; margin-right:0cm; text-align:center\">&nbsp;</p>\r\n\r\n<p style=\"margin-left:0cm; margin-right:0cm; text-align:center\">&nbsp;</p>\r\n\r\n<p style=\"margin-left:0cm; margin-right:0cm; text-align:center\">&nbsp;</p>\r\n\r\n<p style=\"margin-left:0cm; margin-right:0cm; text-align:center\">&nbsp;</p>\r\n\r\n<p style=\"margin-left:0cm; margin-right:0cm; text-align:center\"><span style=\"font-size:10pt\"><span style=\"font-family:&quot;Times New Roman&quot;,serif\"><span style=\"font-size:12.0pt\"><span style=\"font-family:&quot;Times&quot;,serif\"><span style=\"color:black\">ENSEIGNEMENTS DU DEUXIEME CYCLE</span></span></span></span></span></p>\r\n\r\n<p style=\"margin-left:0cm; margin-right:0cm; text-align:center\">&nbsp;</p>\r\n\r\n<p style=\"margin-left:0cm; margin-right:0cm; text-align:center\">&nbsp;</p>\r\n\r\n<p style=\"margin-left:0cm; margin-right:0cm; text-align:center\">&nbsp;</p>\r\n\r\n<p style=\"margin-left:0cm; margin-right:0cm; text-align:center\">&nbsp;</p>\r\n\r\n<p style=\"margin-left:0cm; margin-right:0cm; text-align:center\">&nbsp;</p>\r\n\r\n<p style=\"margin-left:0cm; margin-right:0cm; text-align:center\">&nbsp;</p>\r\n\r\n<p style=\"margin-left:0cm; margin-right:0cm; text-align:center\">&nbsp;</p>\r\n\r\n<p style=\"margin-left:0cm; margin-right:0cm; text-align:center\"><span style=\"font-size:10pt\"><span style=\"font-family:&quot;Times New Roman&quot;,serif\"><strong><span style=\"font-size:12.0pt\"><span style=\"font-family:&quot;Times&quot;,serif\"><span style=\"color:black\">PATHOLOGIE CHIRURGICALE&nbsp; SPECIALE</span></span></span></strong></span></span></p>\r\n\r\n<p style=\"margin-left:0cm; margin-right:0cm; text-align:center\"><span style=\"font-size:10pt\"><span style=\"font-family:&quot;Times New Roman&quot;,serif\"><strong><span style=\"font-size:12.0pt\"><span style=\"font-family:&quot;Times&quot;,serif\"><span style=\"color:black\">UROLOGIE</span></span></span></strong></span></span></p>\r\n\r\n<p style=\"margin-left:0cm; margin-right:0cm; text-align:center\">&nbsp;</p>\r\n\r\n<p style=\"margin-left:0cm; margin-right:0cm; text-align:center\"><span style=\"font-size:10pt\"><span style=\"font-family:&quot;Times New Roman&quot;,serif\"><strong><span style=\"font-size:12.0pt\"><span style=\"font-family:&quot;Times&quot;,serif\"><span style=\"color:black\">Volume 1</span></span></span></strong></span></span></p>\r\n\r\n<p style=\"margin-left:0cm; margin-right:0cm; text-align:center\">&nbsp;</p>\r\n\r\n<p style=\"margin-left:0cm; margin-right:0cm; text-align:center\">&nbsp;</p>\r\n\r\n<p style=\"margin-left:0cm; margin-right:0cm; text-align:center\">&nbsp;</p>\r\n\r\n<p style=\"margin-left:0cm; margin-right:0cm; text-align:center\">&nbsp;</p>\r\n\r\n<p style=\"margin-left:0cm; margin-right:0cm; text-align:center\">&nbsp;</p>\r\n\r\n<p style=\"margin-left:0cm; margin-right:0cm; text-align:center\">&nbsp;</p>\r\n\r\n<p style=\"margin-left:0cm; margin-right:0cm; text-align:center\">&nbsp;</p>\r\n\r\n<p style=\"margin-left:0cm; margin-right:0cm; text-align:center\"><span style=\"font-size:10pt\"><span style=\"font-family:&quot;Times New Roman&quot;,serif\"><span style=\"font-size:12.0pt\"><span style=\"font-family:&quot;Times&quot;,serif\"><span style=\"color:black\">PREMIERE EPREUVE DU DOCTORAT EN MEDECINE</span></span></span></span></span></p>\r\n\r\n<p style=\"margin-left:0cm; margin-right:0cm; text-align:center\">&nbsp;</p>\r\n\r\n<p style=\"margin-left:0cm; margin-right:0cm; text-align:center\">&nbsp;</p>\r\n\r\n<p style=\"margin-left:0cm; margin-right:0cm; text-align:center\">&nbsp;</p>\r\n\r\n<p style=\"margin-left:0cm; margin-right:0cm; text-align:center\"><span style=\"font-size:10pt\"><span style=\"font-family:&quot;Times New Roman&quot;,serif\"><span style=\"font-size:12.0pt\"><span style=\"font-family:&quot;Times&quot;,serif\"><span style=\"color:black\">PROF DR PUNGA-MAOLE M.L.A.</span></span></span></span></span></p>\r\n\r\n<p style=\"margin-left:0cm; margin-right:0cm; text-align:center\"><span style=\"font-size:10pt\"><span style=\"font-family:&quot;Times New Roman&quot;,serif\"><span style=\"font-size:12.0pt\"><span style=\"font-family:&quot;Times&quot;,serif\"><span style=\"color:black\">Agr&eacute;g&eacute;</span></span></span></span></span></p>\r\n\r\n<p style=\"margin-left:0cm; margin-right:0cm; text-align:center\">&nbsp;</p>\r\n\r\n<p style=\"margin-left:0cm; margin-right:0cm; text-align:center\">&nbsp;</p>\r\n\r\n<p style=\"margin-left:0cm; margin-right:0cm; text-align:center\">&nbsp;</p>\r\n\r\n<p style=\"margin-left:0cm; margin-right:0cm; text-align:center\">&nbsp;</p>\r\n\r\n<p style=\"margin-left:0cm; margin-right:0cm; text-align:center\"><span style=\"font-size:10pt\"><span style=\"font-family:&quot;Times New Roman&quot;,serif\"><span style=\"font-size:12.0pt\"><span style=\"font-family:&quot;Times&quot;,serif\"><span style=\"color:black\">2004</span></span></span></span></span></p>\r\n\r\n<p>&nbsp;</p>\r\n\r\n<h1 style=\"margin-left:0cm; margin-right:0cm; text-align:center\"><span style=\"font-size:12pt\"><span style=\"font-family:&quot;Times&quot;,serif\"><span style=\"color:black\">D&eacute;di&eacute; &agrave; mes Ma&icirc;tres</span></span></span></h1>\r\n\r\n<p style=\"margin-left:0cm; margin-right:0cm; text-align:justify\">&nbsp;</p>\r\n\r\n<p style=\"margin-left:0cm; margin-right:0cm; text-align:justify\"><span style=\"font-size:10pt\"><span style=\"font-family:&quot;Times New Roman&quot;,serif\"><span style=\"font-size:12.0pt\"><span style=\"font-family:&quot;Times&quot;,serif\"><span style=\"color:black\">En RDC, </span></span></span></span></span></p>\r\n\r\n<p style=\"margin-left:0cm; margin-right:0cm; text-align:justify\">&nbsp;</p>\r\n\r\n<p style=\"margin-left:0cm; margin-right:0cm; text-align:justify\"><span style=\"font-size:10pt\"><span style=\"font-family:&quot;Times New Roman&quot;,serif\"><span style=\"font-size:12.0pt\"><span style=\"font-family:&quot;Times&quot;,serif\"><span style=\"color:black\">En France,</span></span></span></span></span></p>\r\n\r\n<p style=\"margin-left:0cm; margin-right:0cm; text-align:justify\">&nbsp;</p>\r\n\r\n<p style=\"margin-left:0cm; margin-right:0cm; text-align:justify\"><span style=\"font-size:10pt\"><span style=\"font-family:&quot;Times New Roman&quot;,serif\"><span style=\"font-size:12.0pt\"><span style=\"font-family:&quot;Times&quot;,serif\"><span style=\"color:black\">Les Professeurs des Universit&eacute;s et Praticiens Hospitaliers</span></span></span></span></span></p>\r\n\r\n<p style=\"margin-left:0cm; margin-right:0cm; text-align:justify\">&nbsp;</p>\r\n\r\n<p style=\"margin-left:0cm; margin-right:0cm; text-align:justify\"><span style=\"font-size:10pt\"><span style=\"font-family:&quot;Times New Roman&quot;,serif\"><span style=\"font-size:12.0pt\"><span style=\"font-family:&quot;Times&quot;,serif\"><span style=\"color:black\">&nbsp;&nbsp;&nbsp;&nbsp;&nbsp;&nbsp;&nbsp;&nbsp;&nbsp;&nbsp;&nbsp; Professeur P.Guillemin, Professeur J. L&#39;Hermite, Professeur Ph. Mangin, Professeur C. &nbsp; Bollack, Professeur J Hubert</span></span></span></span></span></p>\r\n\r\n<p style=\"margin-left:0cm; margin-right:0cm; text-align:justify\"><span style=\"font-size:10pt\"><span style=\"font-family:&quot;Times New Roman&quot;,serif\">&nbsp;&nbsp;&nbsp;&nbsp; </span></span></p>\r\n\r\n<p style=\"margin-left:0cm; margin-right:0cm; text-align:justify\"><span style=\"font-size:10pt\"><span style=\"font-family:&quot;Times New Roman&quot;,serif\"><span style=\"font-size:12.0pt\"><span style=\"font-family:&quot;Times&quot;,serif\"><span style=\"color:black\">&nbsp;&nbsp; &nbsp;&nbsp;&nbsp;&nbsp;&nbsp;&nbsp;&nbsp;&nbsp; qui nous ont transmis l&#39;Art, de la Clinique et de la Recherche</span></span></span></span></span></p>\r\n\r\n<p style=\"margin-left:0cm; margin-right:0cm; text-align:justify\">&nbsp;</p>\r\n\r\n<p style=\"margin-left:0cm; margin-right:0cm; text-align:justify\"><span style=\"font-size:10pt\"><span style=\"font-family:&quot;Times New Roman&quot;,serif\"><span style=\"font-size:12.0pt\"><span style=\"font-family:&quot;Times&quot;,serif\"><span style=\"color:black\">Professeur Ph Mangin, auquel&nbsp; nous sommes redevable&nbsp; de &nbsp;l&rsquo;ouverture sur la voie&nbsp;&nbsp; d&rsquo;OR </span></span></span></span></span></p>\r\n\r\n<p style=\"margin-left:0cm; margin-right:0cm; text-align:justify\">&nbsp;</p>\r\n\r\n<p style=\"margin-left:0cm; margin-right:0cm; text-align:justify\"><span style=\"font-size:10pt\"><span style=\"font-family:&quot;Times New Roman&quot;,serif\"><span style=\"font-size:12.0pt\"><span style=\"font-family:&quot;Times&quot;,serif\"><span style=\"color:black\">&nbsp;&nbsp;&nbsp;&nbsp;&nbsp;&nbsp;&nbsp;&nbsp;&nbsp;&nbsp;&nbsp; Professeur L. Boccon-Gibod, Professeur A. Jardin, Professeur D. Chopin, Professeur M. &nbsp;&nbsp;&nbsp;&nbsp;&nbsp;&nbsp;&nbsp;&nbsp;&nbsp;&nbsp;&nbsp; Leguillou, Professeur Bittard, Professeur JP Sarramon, Professeur Mazeman, </span></span></span></span></span></p>\r\n\r\n<p style=\"margin-left:0cm; margin-right:0cm; text-align:justify\"><span style=\"font-size:10pt\"><span style=\"font-family:&quot;Times New Roman&quot;,serif\"><span style=\"font-size:12.0pt\"><span style=\"font-family:&quot;Times&quot;,serif\"><span style=\"color:black\">&nbsp;&nbsp;&nbsp;&nbsp;&nbsp;&nbsp;&nbsp;&nbsp;&nbsp;&nbsp;&nbsp; Professeur Aubert , Professeur D Jacqmin</span></span></span></span></span></p>\r\n\r\n<p style=\"margin-left:0cm; margin-right:0cm; text-align:justify\">&nbsp;</p>\r\n\r\n<p style=\"margin-left:0cm; margin-right:0cm; text-align:justify\"><span style=\"font-size:10pt\"><span style=\"font-family:&quot;Times New Roman&quot;,serif\"><span style=\"font-size:12.0pt\"><span style=\"font-family:&quot;Times&quot;,serif\"><span style=\"color:black\">&nbsp;&nbsp;&nbsp;&nbsp; &nbsp;&nbsp;&nbsp;&nbsp;&nbsp;&nbsp; justes juges, qui nous ont re&ccedil;u&nbsp; parmi les &nbsp;Professeurs des Universit&eacute;s et Praticien &nbsp;&nbsp;&nbsp;&nbsp;&nbsp;&nbsp;&nbsp;&nbsp;&nbsp;&nbsp; Hospitalier&nbsp; en Urologie</span></span></span></span></span></p>\r\n\r\n<p style=\"margin-left:0cm; margin-right:0cm; text-align:justify\">&nbsp;</p>\r\n\r\n<p style=\"margin-left:0cm; margin-right:0cm; text-align:justify\">&nbsp;</p>\r\n\r\n<p style=\"margin-left:0cm; margin-right:0cm; text-align:justify\"><span style=\"font-size:10pt\"><span style=\"font-family:&quot;Times New Roman&quot;,serif\"><span style=\"font-size:12.0pt\"><span style=\"font-family:&quot;Times&quot;,serif\"><span style=\"color:black\">en signe de reconnaissance</span></span></span></span></span></p>\r\n\r\n<p>&nbsp;</p>\r\n\r\n<p style=\"margin-left:0cm; margin-right:0cm; text-align:justify\"><span style=\"font-size:10pt\"><span style=\"font-family:&quot;Times New Roman&quot;,serif\"><span style=\"font-size:12.0pt\"><span style=\"font-family:&quot;Times&quot;,serif\"><span style=\"color:black\">Tables des mati&egrave;res</span></span></span></span></span></p>\r\n\r\n<p style=\"margin-left:0cm; margin-right:0cm; text-align:justify\">&nbsp;</p>\r\n\r\n<p style=\"margin-left:0cm; margin-right:0cm; text-align:justify\"><span style=\"font-size:10pt\"><span style=\"font-family:&quot;Times New Roman&quot;,serif\"><span style=\"font-size:12.0pt\"><span style=\"font-family:&quot;Times&quot;,serif\"><span style=\"color:black\">Note liminaire</span></span></span></span></span></p>\r\n\r\n<p style=\"margin-left:0cm; margin-right:0cm; text-align:justify\"><span style=\"font-size:10pt\"><span style=\"font-family:&quot;Times New Roman&quot;,serif\"><span style=\"font-size:12.0pt\"><span style=\"font-family:&quot;Times&quot;,serif\"><span style=\"color:black\">Abr&eacute;viations</span></span></span></span></span></p>\r\n\r\n<p style=\"margin-left:0cm; margin-right:0cm; text-align:justify\"><span style=\"font-size:10pt\"><span style=\"font-family:&quot;Times New Roman&quot;,serif\"><span style=\"font-size:12.0pt\"><span style=\"font-family:&quot;Times&quot;,serif\"><span style=\"color:black\">Introduction</span></span></span></span></span></p>\r\n\r\n<p style=\"margin-left:0cm; margin-right:0cm; text-align:justify\"><span style=\"font-size:10pt\"><span style=\"font-family:&quot;Times New Roman&quot;,serif\"><span style=\"font-size:12.0pt\"><span style=\"font-family:&quot;Times&quot;,serif\"><span style=\"color:black\">&nbsp;&nbsp;&nbsp;&nbsp;&nbsp;&nbsp;&nbsp;&nbsp;&nbsp;&nbsp;&nbsp; D&eacute;finitions</span></span></span></span></span></p>\r\n\r\n<p style=\"margin-left:0cm; margin-right:0cm; text-align:justify\"><span style=\"font-size:10pt\"><span style=\"font-family:&quot;Times New Roman&quot;,serif\"><span style=\"font-size:12.0pt\"><span style=\"font-family:&quot;Times&quot;,serif\"><span style=\"color:black\">&nbsp;&nbsp;&nbsp;&nbsp;&nbsp;&nbsp;&nbsp;&nbsp;&nbsp;&nbsp;&nbsp; Objectifs du cours</span></span></span></span></span></p>\r\n\r\n<p style=\"margin-left:0cm; margin-right:0cm; text-align:justify\"><span style=\"font-size:10pt\"><span style=\"font-family:&quot;Times New Roman&quot;,serif\"><span style=\"font-size:12.0pt\"><span style=\"font-family:&quot;Times&quot;,serif\"><span style=\"color:black\">&nbsp;&nbsp;&nbsp;&nbsp;&nbsp;&nbsp;&nbsp;&nbsp;&nbsp;&nbsp;&nbsp; Histoire de l&#39;Urologie</span></span></span></span></span></p>\r\n\r\n<p style=\"margin-left:0cm; margin-right:0cm; text-align:justify\"><span style=\"font-size:10pt\"><span style=\"font-family:&quot;Times New Roman&quot;,serif\"><span style=\"font-size:12.0pt\"><span style=\"font-family:&quot;Times&quot;,serif\"><span style=\"color:black\">1. Le diagnostic en Urologie</span></span></span></span></span></p>\r\n\r\n<p style=\"margin-left:0cm; margin-right:0cm; text-align:justify\"><span style=\"font-size:10pt\"><span style=\"font-family:&quot;Times New Roman&quot;,serif\"><span style=\"font-size:12.0pt\"><span style=\"font-family:&quot;Times&quot;,serif\"><span style=\"color:black\">&nbsp;&nbsp;&nbsp;&nbsp;&nbsp;&nbsp;&nbsp;&nbsp;&nbsp;&nbsp;&nbsp; 1. Examen clinique</span></span></span></span></span></p>\r\n\r\n<p style=\"margin-left:0cm; margin-right:0cm; text-align:justify\"><span style=\"font-size:10pt\"><span style=\"font-family:&quot;Times New Roman&quot;,serif\"><span style=\"font-size:12.0pt\"><span style=\"font-family:&quot;Times&quot;,serif\"><span style=\"color:black\">&nbsp;&nbsp;&nbsp;&nbsp;&nbsp;&nbsp;&nbsp;&nbsp;&nbsp;&nbsp;&nbsp; 2. Explorations paracliniques</span></span></span></span></span></p>\r\n\r\n<p style=\"margin-left:0cm; margin-right:0cm; text-align:justify\"><span style=\"font-size:10pt\"><span style=\"font-family:&quot;Times New Roman&quot;,serif\"><span style=\"font-size:12.0pt\"><span style=\"font-family:&quot;Times&quot;,serif\"><span style=\"color:black\">2. Les malformations cong&eacute;nitales de l&#39;appareil urinaire et de l&#39;appareil g&eacute;nital de l&#39;homme</span></span></span></span></span></p>\r\n\r\n<p style=\"margin-left:0cm; margin-right:0cm; text-align:justify\"><span style=\"font-size:10pt\"><span style=\"font-family:&quot;Times New Roman&quot;,serif\"><span style=\"font-size:12.0pt\"><span style=\"font-family:&quot;Times&quot;,serif\"><span style=\"color:black\">3. Pathologie infectieuse, parasitaire, SIDA</span></span></span></span></span></p>\r\n\r\n<p style=\"margin-left:0cm; margin-right:0cm; text-align:justify\"><span style=\"font-size:10pt\"><span style=\"font-family:&quot;Times New Roman&quot;,serif\"><span style=\"font-size:12.0pt\"><span style=\"font-family:&quot;Times&quot;,serif\"><span style=\"color:black\">4. Oncologie</span></span></span></span></span></p>\r\n\r\n<p style=\"margin-left:0cm; margin-right:0cm; text-align:justify\"><span style=\"font-size:10pt\"><span style=\"font-family:&quot;Times New Roman&quot;,serif\"><span style=\"font-size:12.0pt\"><span style=\"font-family:&quot;Times&quot;,serif\"><span style=\"color:black\">5. Les fistules urinaires </span></span></span></span></span></p>\r\n\r\n<p style=\"margin-left:0cm; margin-right:0cm; text-align:justify\"><span style=\"font-size:10pt\"><span style=\"font-family:&quot;Times New Roman&quot;,serif\"><span style=\"font-size:12.0pt\"><span style=\"font-family:&quot;Times&quot;,serif\"><span style=\"color:black\">6. Les r&eacute;tr&eacute;cissements ur&eacute;traux </span></span></span></span></span></p>\r\n\r\n<p style=\"margin-left:0cm; margin-right:0cm; text-align:justify\"><span style=\"font-size:10pt\"><span style=\"font-family:&quot;Times New Roman&quot;,serif\"><span style=\"font-size:12.0pt\"><span style=\"font-family:&quot;Times&quot;,serif\"><span style=\"color:black\">7. La lithiase urinaire</span></span></span></span></span></p>\r\n\r\n<p style=\"margin-left:0cm; margin-right:0cm; text-align:justify\"><span style=\"font-size:10pt\"><span style=\"font-family:&quot;Times New Roman&quot;,serif\"><span style=\"font-size:12.0pt\"><span style=\"font-family:&quot;Times&quot;,serif\"><span style=\"color:black\">7. Les traumatismes urog&eacute;nitaux</span></span></span></span></span></p>\r\n\r\n<p style=\"margin-left:0cm; margin-right:0cm; text-align:justify\"><span style=\"font-size:10pt\"><span style=\"font-family:&quot;Times New Roman&quot;,serif\"><span style=\"font-size:12.0pt\"><span style=\"font-family:&quot;Times&quot;,serif\"><span style=\"color:black\">7. Les urgences urologiques non traumatiques</span></span></span></span></span></p>\r\n\r\n<p style=\"margin-left:0cm; margin-right:0cm; text-align:justify\"><span style=\"font-size:10pt\"><span style=\"font-family:&quot;Times New Roman&quot;,serif\"><span style=\"font-size:12.0pt\"><span style=\"font-family:&quot;Times&quot;,serif\"><span style=\"color:black\">&nbsp;&nbsp;&nbsp;&nbsp;&nbsp;&nbsp;&nbsp;&nbsp;&nbsp;&nbsp;&nbsp; 1. Torsion testiculaire</span></span></span></span></span></p>\r\n\r\n<p style=\"margin-left:0cm; margin-right:0cm; text-align:justify\"><span style=\"font-size:10pt\"><span style=\"font-family:&quot;Times New Roman&quot;,serif\"><span style=\"font-size:12.0pt\"><span style=\"font-family:&quot;Times&quot;,serif\"><span style=\"color:black\">&nbsp;&nbsp;&nbsp;&nbsp;&nbsp;&nbsp;&nbsp;&nbsp;&nbsp;&nbsp;&nbsp; 2. Priapisme</span></span></span></span></span></p>\r\n\r\n<p style=\"margin-left:0cm; margin-right:0cm; text-align:justify\"><span style=\"font-size:10pt\"><span style=\"font-family:&quot;Times New Roman&quot;,serif\"><span style=\"font-size:12.0pt\"><span style=\"font-family:&quot;Times&quot;,serif\"><span style=\"color:black\">&nbsp;&nbsp;&nbsp;&nbsp;&nbsp;&nbsp;&nbsp;&nbsp;&nbsp;&nbsp;&nbsp; 3. Anurie</span></span></span></span></span></p>\r\n\r\n<p style=\"margin-left:0cm; margin-right:0cm; text-align:justify\"><span style=\"font-size:10pt\"><span style=\"font-family:&quot;Times New Roman&quot;,serif\"><span style=\"font-size:12.0pt\"><span style=\"font-family:&quot;Times&quot;,serif\"><span style=\"color:black\">&nbsp;&nbsp;&nbsp;&nbsp;&nbsp;&nbsp;&nbsp;&nbsp;&nbsp;&nbsp;&nbsp; 4. R&eacute;tention urinaire aigu&euml;</span></span></span></span></span></p>\r\n\r\n<p style=\"margin-left:0cm; margin-right:0cm; text-align:justify\"><span style=\"font-size:10pt\"><span style=\"font-family:&quot;Times New Roman&quot;,serif\"><span style=\"font-size:12.0pt\"><span style=\"font-family:&quot;Times&quot;,serif\"><span style=\"color:black\">&nbsp;&nbsp;&nbsp;&nbsp;&nbsp;&nbsp;&nbsp;&nbsp;&nbsp;&nbsp;&nbsp; 5. H&eacute;maturie</span></span></span></span></span></p>\r\n\r\n<p style=\"margin-left:0cm; margin-right:0cm; text-align:justify\"><span style=\"font-size:10pt\"><span style=\"font-family:&quot;Times New Roman&quot;,serif\"><span style=\"font-size:12.0pt\"><span style=\"font-family:&quot;Times&quot;,serif\"><span style=\"color:black\">&nbsp;&nbsp;&nbsp;&nbsp;&nbsp;&nbsp;&nbsp;&nbsp;&nbsp;&nbsp;&nbsp; 6. Colique n&eacute;phr&eacute;tique</span></span></span></span></span></p>\r\n\r\n<p style=\"margin-left:0cm; margin-right:0cm; text-align:justify\"><span style=\"font-size:10pt\"><span style=\"font-family:&quot;Times New Roman&quot;,serif\"><span style=\"font-size:12.0pt\"><span style=\"font-family:&quot;Times&quot;,serif\"><span style=\"color:black\">10. Les troubles de la continence</span></span></span></span></span></p>\r\n\r\n<p style=\"margin-left:0cm; margin-right:0cm; text-align:justify\"><span style=\"font-size:10pt\"><span style=\"font-family:&quot;Times New Roman&quot;,serif\"><span style=\"font-size:12.0pt\"><span style=\"font-family:&quot;Times&quot;,serif\"><span style=\"color:black\">&nbsp;&nbsp;&nbsp;&nbsp;&nbsp;&nbsp;&nbsp;&nbsp;&nbsp;&nbsp;&nbsp; 1. Vessies neurog&egrave;nes </span></span></span></span></span></p>\r\n\r\n<p style=\"margin-left:0cm; margin-right:0cm; text-align:justify\"><span style=\"font-size:10pt\"><span style=\"font-family:&quot;Times New Roman&quot;,serif\"><span style=\"font-size:12.0pt\"><span style=\"font-family:&quot;Times&quot;,serif\"><span style=\"color:black\">&nbsp;&nbsp;&nbsp;&nbsp;&nbsp;&nbsp;&nbsp;&nbsp;&nbsp;&nbsp;&nbsp; 2. Incontinence urinaire de la femme</span></span></span></span></span></p>\r\n\r\n<p style=\"margin-left:0cm; margin-right:0cm; text-align:justify\"><span style=\"font-size:10pt\"><span style=\"font-family:&quot;Times New Roman&quot;,serif\"><span style=\"font-size:12.0pt\"><span style=\"font-family:&quot;Times&quot;,serif\"><span style=\"color:black\">&nbsp;&nbsp;&nbsp;&nbsp;&nbsp;&nbsp;&nbsp;&nbsp;&nbsp;&nbsp;&nbsp; 3. Incontinence urinaire de l&#39;homme</span></span></span></span></span></p>\r\n\r\n<p style=\"margin-left:0cm; margin-right:0cm; text-align:justify\"><span style=\"font-size:10pt\"><span style=\"font-family:&quot;Times New Roman&quot;,serif\"><span style=\"font-size:12.0pt\"><span style=\"font-family:&quot;Times&quot;,serif\"><span style=\"color:black\">&nbsp;&nbsp;&nbsp;&nbsp;&nbsp;&nbsp;&nbsp;&nbsp;&nbsp;&nbsp;&nbsp; 4. Enur&eacute;sie</span></span></span></span></span></p>\r\n\r\n<p style=\"margin-left:0cm; margin-right:0cm; text-align:justify\">&nbsp;</p>\r\n\r\n<p style=\"margin-left:0cm; margin-right:0cm; text-align:justify\">&nbsp;</p>\r\n\r\n<p style=\"margin-left:0cm; margin-right:0cm; text-align:justify\">&nbsp;</p>\r\n\r\n<p style=\"margin-left:0cm; margin-right:0cm; text-align:justify\">&nbsp;</p>\r\n\r\n<p style=\"margin-left:0cm; margin-right:0cm; text-align:justify\">&nbsp;</p>\r\n\r\n<p style=\"margin-left:0cm; margin-right:0cm; text-align:justify\">&nbsp;</p>\r\n\r\n<p style=\"margin-left:0cm; margin-right:0cm; text-align:justify\">&nbsp;</p>\r\n\r\n<p>&nbsp;</p>\r\n\r\n<p style=\"margin-left:0cm; margin-right:0cm; text-align:justify\"><span style=\"font-size:10pt\"><span style=\"font-family:&quot;Times New Roman&quot;,serif\"><strong><span style=\"font-size:12.0pt\"><span style=\"font-family:&quot;Times&quot;,serif\"><span style=\"color:black\">NOTE LIMINAIRE ET REMERCIEMENTS</span></span></span></strong></span></span></p>\r\n\r\n<p style=\"margin-left:0cm; margin-right:0cm; text-align:justify\">&nbsp;</p>\r\n\r\n<p style=\"margin-left:0cm; margin-right:0cm; text-align:justify\"><span style=\"font-size:10pt\"><span style=\"font-family:&quot;Times New Roman&quot;,serif\"><span style=\"font-size:12.0pt\"><span style=\"font-family:&quot;Times&quot;,serif\"><span style=\"color:black\">Nous avons donn&eacute; lors de nos enseignements au premier cycle des &eacute;tudes m&eacute;dicales une br&egrave;ve aper&ccedil;ue des sp&eacute;cialit&eacute;s chirurgicales. L&#39;expos&eacute; &eacute;tait bref, certes! &nbsp;mais panoramique et suffisant pour montrer la complexit&eacute; de la mati&egrave;re chirurgicale. Au second cycle, nous quittons l&#39;expos&eacute; introductif, &nbsp;g&eacute;n&eacute;ral , &eacute;p&icirc;tre des principes, pour p&eacute;n&eacute;trer dans le domaine des sous-sp&eacute;cialit&eacute;s chirurgicales, v&eacute;ritables sp&eacute;cialit&eacute;s dans la sp&eacute;cialit&eacute;, enseign&eacute;es &agrave; ce niveau des &eacute;tudes s&eacute;par&eacute;ment tant elles sont complexes. Ici est pr&eacute;sent&eacute;e l&#39;Urologie, l&#39;une de ces sous-sp&eacute;cialit&eacute;s chirurgicales, ailleurs dans le temps et l&#39;espace, d&#39;autres chirurgiens enseignent leurs sp&eacute;cialit&eacute;s. </span></span></span></span></span></p>\r\n\r\n<p style=\"margin-left:0cm; margin-right:0cm; text-align:justify\"><span style=\"font-size:10pt\"><span style=\"font-family:&quot;Times New Roman&quot;,serif\"><span style=\"font-size:12.0pt\"><span style=\"font-family:&quot;Times&quot;,serif\"><span style=\"color:black\">Pour l&#39;auditeur d&#39;amphith&eacute;&acirc;tre, &eacute;tudiant avide des connaissances mais &agrave; juste titre assoiff&eacute; d&eacute;j&agrave; de pratiquer l&#39;Art de gu&eacute;rir, l&#39;&quot;int&eacute;r&ecirc;t&quot; du sujet &agrave; cette &eacute;tape de la formation&nbsp; est la th&eacute;rapeutique dans son sens premier, face pittoresque, attractive, &quot;m&eacute;diatique&quot;de la M&eacute;decine. &nbsp;Cet auditeur a raison parce que, la M&eacute;decine a effectivement pour finalit&eacute; de lutter contre la maladie. Mais il a quelque peu tort. Son d&eacute;faut serait de restreindre, la m&eacute;decine &agrave; une seule de ses facettes: les soins, le c&ocirc;t&eacute; pratique.</span></span></span></span></span></p>\r\n\r\n<p style=\"margin-left:0cm; margin-right:0cm; text-align:justify\"><span style=\"font-size:10pt\"><span style=\"font-family:&quot;Times New Roman&quot;,serif\"><span style=\"font-size:12.0pt\"><span style=\"font-family:&quot;Times&quot;,serif\"><span style=\"color:black\">Faut-il rappeler que la M&eacute;decine est une science, qu&#39;elle proc&egrave;de d&#39;une m&eacute;thode, d&#39;une logique, origine des connaissances fondamentales complexes toujours en &eacute;volution? Nous sommes en faveur de cette compr&eacute;hension de l&#39;Art de gu&eacute;rir. Les connaissances fondamentales complexes sont primordiales, essentielles et caract&eacute;risent la Facult&eacute;, l&#39;Universit&eacute;. Ici l&#39;on con&ccedil;oit, l&#39;on pense; et cela pourrait &ecirc;tre suffisant en soi (je pense, donc je suis). Les connaissances fondamentales complexes engendrent la th&eacute;rapeutique, simple cons&eacute;quence logique, simple suite faite de m&eacute;dications ou de gestes plus moins complexes susceptibles d&#39;&ecirc;tre ex&eacute;cut&eacute;s par des automates, robots op&eacute;rateurs dont quelques prototypes nous sont d&eacute;j&agrave; propos&eacute;s par la technologie, tel Aesop&reg; de Computer Motion. La th&eacute;rapeutique&nbsp; ne peut &ecirc;tre sans les connaissances.</span></span></span></span></span></p>\r\n\r\n<p style=\"margin-left:0cm; margin-right:0cm\"><span style=\"font-size:10pt\"><span style=\"font-family:&quot;Times New Roman&quot;,serif\"><span style=\"font-size:12.0pt\"><span style=\"font-family:&quot;Times&quot;,serif\"><span style=\"color:black\">Discours de na&iuml;f, de &nbsp;distrait, sp&eacute;culation mijot&eacute;e &agrave; des milliers d&#39;ann&eacute;es lumi&egrave;res de la r&eacute;alit&eacute;, de la vie de tous les jours, diraient certains. Nous, nous disons que nous sommes dans le vif du sujet parce que, outre l&#39;aspect id&eacute;aliste, nous sommes bien pratique. Toute question chirurgicale, et donc&nbsp; urologique est centr&eacute;e sur l&#39;homme, organisme vivant appartenant &agrave; un biotope et un environnement social impliquant pour sa r&eacute;solution une grande masse de connaissances m&eacute;dicales.&nbsp; Le m&eacute;decin porte ses soins non pas sur la prostate, mais sur un homme (homo sapiens) porteur d&#39;organes divers, plus ou moins influenc&eacute;s par l&#39;environnement, ensemble que le praticien doit &eacute;valuer pour atteindre l&#39;objectif final de &nbsp;gu&eacute;rison! Cette id&eacute;e &eacute;maille l&#39;ensemble de ce cours. Nous invitons l&#39;&eacute;tudiant &agrave; s&#39;en imbiber. Bonne route, &agrave; l&#39;&eacute;tudiant et &agrave; tout autre lecteur qui nous donnerait l&#39;honneur de lire les pages qui suivent ! </span></span></span></span></span></p>\r\n\r\n<p style=\"margin-left:0cm; margin-right:0cm; text-align:justify\"><span style=\"font-size:10pt\"><span style=\"font-family:&quot;Times New Roman&quot;,serif\"><span style=\"font-size:12.0pt\"><span style=\"font-family:&quot;Times&quot;,serif\"><span style=\"color:black\">Des personnes ou des institutions nous aid&eacute; directement ou indirectement &agrave; r&eacute;aliser ces notes: nos ma&icirc;tres par leurs instructions et conseils, les facilit&eacute;s qu&#39;ils nous ont offertes &agrave; Kinshasa, &agrave; Nancy ou &agrave; Paris, le Centre de Recherches Chirurgicales H Mondor par la grande qualit&eacute; de sa logistique que nous avons largement exploit&eacute;e , et la biblioth&egrave;que Ste G&eacute;n&eacute;vi&egrave;ve de l&#39;Od&eacute;on pour l&#39;extr&ecirc;me facilit&eacute; d&#39;acc&egrave;s &agrave; son patrimoine constitu&eacute; de documents parfois rares et la disponibilit&eacute; de son personnel. Nous les remercions pour leur aide. </span></span></span></span></span></p>\r\n\r\n<p style=\"margin-left:0cm; margin-right:0cm; text-align:justify\">&nbsp;</p>\r\n\r\n<p>&nbsp;</p>\r\n\r\n<p style=\"margin-left:0cm; margin-right:0cm; text-align:justify\">&nbsp;</p>\r\n\r\n<p style=\"margin-left:0cm; margin-right:0cm; text-align:justify\">&nbsp;</p>\r\n\r\n<p style=\"margin-left:0cm; margin-right:0cm; text-align:justify\"><span style=\"font-size:10pt\"><span style=\"font-family:&quot;Times New Roman&quot;,serif\"><strong><span style=\"font-size:12.0pt\"><span style=\"font-family:&quot;Times&quot;,serif\"><span style=\"color:black\">Abr&eacute;viations</span></span></span></strong></span></span></p>\r\n\r\n<p style=\"margin-left:0cm; margin-right:0cm; text-align:justify\">&nbsp;</p>\r\n\r\n<p style=\"margin-left:0cm; margin-right:0cm; text-align:justify\"><span style=\"font-size:10pt\"><span style=\"font-family:&quot;Times New Roman&quot;,serif\"><span style=\"font-size:12.0pt\"><span style=\"font-family:&quot;Times&quot;,serif\"><span style=\"color:black\">EMG: &eacute;lectromyographie</span></span></span></span></span></p>\r\n\r\n<p style=\"margin-left:0cm; margin-right:0cm; text-align:justify\"><span style=\"font-size:10pt\"><span style=\"font-family:&quot;Times New Roman&quot;,serif\"><span style=\"font-size:12.0pt\"><span style=\"font-family:&quot;Times&quot;,serif\"><span style=\"color:black\">TR: toucher rectal</span></span></span></span></span></p>\r\n\r\n<p style=\"margin-left:0cm; margin-right:0cm; text-align:justify\"><span style=\"font-size:10pt\"><span style=\"font-family:&quot;Times New Roman&quot;,serif\"><span style=\"font-size:12.0pt\"><span style=\"font-family:&quot;Times&quot;,serif\"><span style=\"color:black\">TV: toucher vaginal</span></span></span></span></span></p>\r\n\r\n<p style=\"margin-left:0cm; margin-right:0cm; text-align:justify\"><span style=\"font-size:10pt\"><span style=\"font-family:&quot;Times New Roman&quot;,serif\"><span style=\"font-size:12.0pt\"><span style=\"font-family:&quot;Times&quot;,serif\"><span style=\"color:black\">AVC: accident vasculaire c&eacute;r&eacute;bral</span></span></span></span></span></p>\r\n\r\n<p style=\"margin-left:0cm; margin-right:0cm; text-align:justify\"><span style=\"font-size:10pt\"><span style=\"font-family:&quot;Times New Roman&quot;,serif\"><span style=\"font-size:12.0pt\"><span style=\"font-family:&quot;Times&quot;,serif\"><span style=\"color:black\">UIV: urographie intraveineuse</span></span></span></span></span></p>\r\n\r\n<p style=\"margin-left:0cm; margin-right:0cm; text-align:justify\"><span style=\"font-size:10pt\"><span style=\"font-family:&quot;Times New Roman&quot;,serif\"><span style=\"font-size:12.0pt\"><span style=\"font-family:&quot;Times&quot;,serif\"><span style=\"color:black\">UPR: ur&eacute;t&eacute;ropy&eacute;lographie retrograde</span></span></span></span></span></p>\r\n\r\n<p style=\"margin-left:0cm; margin-right:0cm; text-align:justify\"><span style=\"font-size:10pt\"><span style=\"font-family:&quot;Times New Roman&quot;,serif\"><span style=\"font-size:12.0pt\"><span style=\"font-family:&quot;Times&quot;,serif\"><span style=\"color:black\">EPS: expressed prostate secretions</span></span></span></span></span></p>\r\n\r\n<p style=\"margin-left:0cm; margin-right:0cm; text-align:justify\"><span style=\"font-size:10pt\"><span style=\"font-family:&quot;Times New Roman&quot;,serif\"><span style=\"font-size:12.0pt\"><span style=\"font-family:&quot;Times&quot;,serif\"><span style=\"color:black\">PSA: prostate specific antigen</span></span></span></span></span></p>\r\n\r\n<p style=\"margin-left:0cm; margin-right:0cm; text-align:justify\"><span style=\"font-size:10pt\"><span style=\"font-family:&quot;Times New Roman&quot;,serif\"><span style=\"font-size:12.0pt\"><span style=\"font-family:&quot;Times&quot;,serif\"><span style=\"color:black\">UCA: ur&eacute;trocystographie ascendante</span></span></span></span></span></p>\r\n\r\n<p style=\"margin-left:0cm; margin-right:0cm; text-align:justify\"><span style=\"font-size:10pt\"><span style=\"font-family:&quot;Times New Roman&quot;,serif\"><span style=\"font-size:12.0pt\"><span style=\"font-family:&quot;Times&quot;,serif\"><span style=\"color:black\">UCR:&nbsp; ur&eacute;trocystographie retrograde</span></span></span></span></span></p>\r\n\r\n<p style=\"margin-left:0cm; margin-right:0cm; text-align:justify\"><span style=\"font-size:10pt\"><span style=\"font-family:&quot;Times New Roman&quot;,serif\"><span style=\"font-size:12.0pt\"><span style=\"font-family:&quot;Times&quot;,serif\"><span style=\"color:black\">UCRM: ur&eacute;trocystographie retrograde et mictionnelle</span></span></span></span></span></p>\r\n\r\n<p style=\"margin-left:0cm; margin-right:0cm; text-align:justify\"><span style=\"font-size:10pt\"><span style=\"font-family:&quot;Times New Roman&quot;,serif\"><span style=\"font-size:12.0pt\"><span style=\"font-family:&quot;Times&quot;,serif\"><span style=\"color:black\">TDM: tomodensitom&eacute;trie coaxiale computuris&eacute;e ou scanner</span></span></span></span></span></p>\r\n\r\n<p style=\"margin-left:0cm; margin-right:0cm; text-align:justify\"><span style=\"font-size:10pt\"><span style=\"font-family:&quot;Times New Roman&quot;,serif\"><span style=\"font-size:12.0pt\"><span style=\"font-family:&quot;Times&quot;,serif\"><span style=\"color:black\">IRM: imagerie par r&eacute;sonnance magn&eacute;tique</span></span></span></span></span></p>\r\n\r\n<p style=\"margin-left:0cm; margin-right:0cm; text-align:justify\"><span style=\"font-size:10pt\"><span style=\"font-family:&quot;Times New Roman&quot;,serif\"><span style=\"font-size:12.0pt\"><span style=\"font-family:&quot;Times&quot;,serif\"><span style=\"color:black\">RUA: r&eacute;tention urinaire aigu&euml;</span></span></span></span></span></p>\r\n\r\n<p style=\"margin-left:0cm; margin-right:0cm; text-align:justify\"><span style=\"font-size:10pt\"><span style=\"font-family:&quot;Times New Roman&quot;,serif\"><span style=\"font-size:12.0pt\"><span style=\"font-family:&quot;Times&quot;,serif\"><span style=\"color:black\">PAP: phosphatase acide prostatique</span></span></span></span></span></p>\r\n\r\n<p style=\"margin-left:0cm; margin-right:0cm; text-align:justify\"><span style=\"font-size:10pt\"><span style=\"font-family:&quot;Times New Roman&quot;,serif\"><span style=\"font-size:12.0pt\"><span style=\"font-family:&quot;Times&quot;,serif\"><span style=\"color:black\">ECBU: examen cytobact&eacute;riologique urinaire</span></span></span></span></span></p>\r\n\r\n<p style=\"margin-left:0cm; margin-right:0cm; text-align:justify\"><span style=\"font-size:10pt\"><span style=\"font-family:&quot;Times New Roman&quot;,serif\"><span style=\"font-size:12.0pt\"><span style=\"font-family:&quot;Times&quot;,serif\"><span style=\"color:black\">ETR: &eacute;chographie trans-ur&eacute;trale</span></span></span></span></span></p>\r\n\r\n<p style=\"margin-left:0cm; margin-right:0cm; text-align:justify\"><span style=\"font-size:10pt\"><span style=\"font-family:&quot;Times New Roman&quot;,serif\"><span style=\"font-size:12.0pt\"><span style=\"font-family:&quot;Times&quot;,serif\"><span style=\"color:black\">PET: proton emission tomographie</span></span></span></span></span></p>\r\n\r\n<p style=\"margin-left:0cm; margin-right:0cm; text-align:justify\"><span style=\"font-size:10pt\"><span style=\"font-family:&quot;Times New Roman&quot;,serif\"><span style=\"font-size:12.0pt\"><span style=\"font-family:&quot;Times&quot;,serif\"><span style=\"color:black\">AFP: </span></span></span><span style=\"font-size:12.0pt\"><span style=\"font-family:Symbol\"><span style=\"color:black\">a </span></span></span><span style=\"font-size:12.0pt\"><span style=\"font-family:&quot;Times&quot;,serif\"><span style=\"color:black\">foetoprot&eacute;ine</span></span></span></span></span></p>\r\n\r\n<p style=\"margin-left:0cm; margin-right:0cm; text-align:justify\"><span style=\"font-size:10pt\"><span style=\"font-family:&quot;Times New Roman&quot;,serif\"><span style=\"font-size:12.0pt\"><span style=\"font-family:&quot;Times&quot;,serif\"><span style=\"color:black\">ACE: antig&egrave;ne carcinoembryonnaire</span></span></span></span></span></p>\r\n\r\n<p style=\"margin-left:0cm; margin-right:0cm; text-align:justify\"><span style=\"font-size:10pt\"><span style=\"font-family:&quot;Times New Roman&quot;,serif\"><span style=\"font-size:12.0pt\"><span style=\"font-family:&quot;Times&quot;,serif\"><span style=\"color:black\">DHT: dihydrotestost&eacute;rone</span></span></span></span></span></p>\r\n\r\n<p style=\"margin-left:0cm; margin-right:0cm; text-align:justify\"><span style=\"font-size:10pt\"><span style=\"font-family:&quot;Times New Roman&quot;,serif\"><span style=\"font-size:12.0pt\"><span style=\"font-family:&quot;Times&quot;,serif\"><span style=\"color:black\">FSH: Hormone Folliculostimulante</span></span></span></span></span></p>\r\n\r\n<p style=\"margin-left:0cm; margin-right:0cm; text-align:justify\"><span style=\"font-size:10pt\"><span style=\"font-family:&quot;Times New Roman&quot;,serif\"><span style=\"font-size:12.0pt\"><span style=\"font-family:&quot;Times&quot;,serif\"><span style=\"color:black\">Gy: Gray. 1Gy = 100 rads = 1 joule par kilo</span></span></span></span></span></p>\r\n\r\n<p>&nbsp;</p>\r\n\r\n<p style=\"margin-left:0cm; margin-right:0cm; text-align:justify\"><span style=\"font-size:10pt\"><span style=\"font-family:&quot;Times New Roman&quot;,serif\"><strong><span style=\"font-size:12.0pt\"><span style=\"font-family:&quot;Times&quot;,serif\"><span style=\"color:black\">INTRODUCTION</span></span></span></strong></span></span></p>\r\n\r\n<p style=\"margin-left:0cm; margin-right:0cm; text-align:justify\">&nbsp;</p>\r\n\r\n<p style=\"margin-left:0cm; margin-right:0cm; text-align:justify\">&nbsp;</p>\r\n\r\n<p style=\"margin-left:0cm; margin-right:0cm; text-align:justify\">&nbsp;</p>\r\n\r\n<p style=\"margin-left:0cm; margin-right:0cm; text-align:justify\">&nbsp;</p>\r\n\r\n<p style=\"margin-left:0cm; margin-right:0cm; text-align:justify\">&nbsp;</p>\r\n\r\n<p style=\"margin-left:0cm; margin-right:0cm; text-align:justify\">&nbsp;</p>\r\n\r\n<p style=\"margin-left:0cm; margin-right:0cm; text-align:justify\">&nbsp;</p>\r\n\r\n<p style=\"margin-left:0cm; margin-right:0cm; text-align:justify\">&nbsp;</p>\r\n\r\n<p style=\"margin-left:0cm; margin-right:0cm; text-align:justify\">&nbsp;</p>\r\n\r\n<p style=\"margin-left:0cm; margin-right:0cm; text-align:justify\">&nbsp;</p>\r\n\r\n<p style=\"margin-left:0cm; margin-right:0cm; text-align:justify\">&nbsp;</p>\r\n\r\n<p style=\"margin-left:0cm; margin-right:0cm; text-align:justify\">&nbsp;</p>\r\n\r\n<p style=\"margin-left:0cm; margin-right:0cm; text-align:justify\">&nbsp;</p>\r\n\r\n<p style=\"margin-left:0cm; margin-right:0cm; text-align:justify\">&nbsp;</p>\r\n\r\n<p style=\"margin-left:0cm; margin-right:0cm; text-align:justify\">&nbsp;</p>\r\n\r\n<p style=\"margin-left:0cm; margin-right:0cm; text-align:justify\">&nbsp;</p>\r\n\r\n<p style=\"margin-left:0cm; margin-right:0cm; text-align:justify\">&nbsp;</p>\r\n\r\n<p style=\"margin-left:0cm; margin-right:0cm; text-align:justify\">&nbsp;</p>\r\n\r\n<p style=\"margin-left:0cm; margin-right:0cm; text-align:justify\">&nbsp;</p>\r\n\r\n<p style=\"margin-left:0cm; margin-right:0cm; text-align:justify\">&nbsp;</p>\r\n\r\n<p style=\"margin-left:0cm; margin-right:0cm; text-align:justify\">&nbsp;</p>\r\n\r\n<p style=\"margin-left:0cm; margin-right:0cm; text-align:justify\">&nbsp;</p>\r\n\r\n<p style=\"margin-left:0cm; margin-right:0cm; text-align:justify\">&nbsp;</p>\r\n\r\n<p style=\"margin-left:0cm; margin-right:0cm; text-align:justify\">&nbsp;</p>\r\n\r\n<p style=\"margin-left:0cm; margin-right:0cm; text-align:justify\">&nbsp;</p>\r\n\r\n<p style=\"margin-left:0cm; margin-right:0cm; text-align:justify\">&nbsp;</p>\r\n\r\n<p style=\"margin-left:0cm; margin-right:0cm; text-align:justify\">&nbsp;</p>\r\n\r\n<p style=\"margin-left:0cm; margin-right:0cm; text-align:justify\">&nbsp;</p>\r\n\r\n<p style=\"margin-left:0cm; margin-right:0cm; text-align:justify\">&nbsp;</p>\r\n\r\n<p style=\"margin-left:0cm; margin-right:0cm; text-align:justify\">&nbsp;</p>\r\n\r\n<p style=\"margin-left:0cm; margin-right:0cm; text-align:justify\">&nbsp;</p>\r\n\r\n<p style=\"margin-left:0cm; margin-right:0cm; text-align:justify\">&nbsp;</p>\r\n\r\n<p style=\"margin-left:0cm; margin-right:0cm; text-align:justify\">&nbsp;</p>\r\n\r\n<p style=\"margin-left:0cm; margin-right:0cm; text-align:justify\">&nbsp;</p>\r\n\r\n<p style=\"margin-left:0cm; margin-right:0cm; text-align:justify\">&nbsp;</p>\r\n\r\n<p style=\"margin-left:0cm; margin-right:0cm; text-align:justify\">&nbsp;</p>\r\n\r\n<p style=\"margin-left:0cm; margin-right:0cm; text-align:justify\">&nbsp;</p>\r\n\r\n<p style=\"margin-left:0cm; margin-right:0cm; text-align:justify\">&nbsp;</p>\r\n\r\n<p style=\"margin-left:0cm; margin-right:0cm; text-align:justify\">&nbsp;</p>\r\n\r\n<p style=\"margin-left:0cm; margin-right:0cm; text-align:justify\">&nbsp;</p>\r\n\r\n<p style=\"margin-left:0cm; margin-right:0cm; text-align:justify\">&nbsp;</p>\r\n\r\n<p style=\"margin-left:0cm; margin-right:0cm; text-align:justify\">&nbsp;</p>\r\n\r\n<p style=\"margin-left:0cm; margin-right:0cm; text-align:justify\">&nbsp;</p>\r\n\r\n<p style=\"margin-left:0cm; margin-right:0cm; text-align:justify\">&nbsp;</p>\r\n\r\n<p style=\"margin-left:0cm; margin-right:0cm; text-align:justify\"><span style=\"font-size:10pt\"><span style=\"font-family:&quot;Times New Roman&quot;,serif\"><span style=\"font-size:12.0pt\"><span style=\"font-family:&quot;Times&quot;,serif\"><span style=\"color:black\">1. DEFINITION DE L&rsquo;UROLOGIE</span></span></span></span></span></p>\r\n\r\n<p style=\"margin-left:0cm; margin-right:0cm; text-align:justify\">&nbsp;</p>\r\n\r\n<p style=\"margin-left:0cm; margin-right:0cm; text-align:justify\"><span style=\"font-size:10pt\"><span style=\"font-family:&quot;Times New Roman&quot;,serif\"><span style=\"font-size:12.0pt\"><span style=\"font-family:&quot;Times&quot;,serif\"><span style=\"color:black\">Le vocable Urologie na&icirc;t &eacute;tymologiquement de deux mots grecs: </span></span></span><span style=\"font-size:12.0pt\"><span style=\"font-family:Symbol\"><span style=\"color:black\">ouron</span></span></span><span style=\"font-size:12.0pt\"><span style=\"font-family:&quot;Times&quot;,serif\"><span style=\"color:black\"> (ouron), urine et </span></span></span><span style=\"font-size:12.0pt\"><span style=\"font-family:Symbol\"><span style=\"color:black\">logos</span></span></span><span style=\"font-size:12.0pt\"><span style=\"font-family:&quot;Times&quot;,serif\"><span style=\"color:black\"> (logos), discours, science. L&#39;Urologie serait donc la science de l&#39;&quot;urine&quot;, ou mieux de l&#39;appareil urinaire. En fait, elle est la sp&eacute;cialit&eacute; chirurgicale qui traite non seulement des affections de l&#39;appareil urinaire dans&nbsp; les deux sexes, mais aussi des affections de l&#39;appareil g&eacute;nital m&acirc;le. Ce dernier volet de l&#39;Urologie s&#39;&eacute;tend sur un domaine large qui s&#39;&eacute;rige actuellement en une sp&eacute;cialit&eacute; &agrave; part enti&egrave;re: l&#39;Andrologie </span></span></span></span></span></p>\r\n\r\n<p style=\"margin-left:0cm; margin-right:0cm; text-align:justify\">&nbsp;</p>\r\n\r\n<p style=\"margin-left:0cm; margin-right:0cm; text-align:justify\">&nbsp;</p>\r\n\r\n<p style=\"margin-left:0cm; margin-right:0cm; text-align:justify\"><span style=\"font-size:10pt\"><span style=\"font-family:&quot;Times New Roman&quot;,serif\"><span style=\"font-size:12.0pt\"><span style=\"font-family:&quot;Times&quot;,serif\"><span style=\"color:black\">2. L</span></span></span><span style=\"font-size:12.0pt\"><span style=\"font-family:&quot;Times&quot;,serif\"><span style=\"color:black\">&#39;UROLOGIE EN TANT QUE SPECIALITE CHIRURGICALE</span></span></span></span></span></p>\r\n\r\n<p style=\"margin-left:0cm; margin-right:0cm; text-align:justify\">&nbsp;</p>\r\n\r\n<p style=\"margin-left:0cm; margin-right:0cm; text-align:justify\"><span style=\"font-size:10pt\"><span style=\"font-family:&quot;Times New Roman&quot;,serif\"><span style=\"font-size:12.0pt\"><span style=\"font-family:&quot;Times&quot;,serif\"><span style=\"color:black\">Celui qui exerce l&#39;Urologie garantit le diagnostic et assure le traitement au double plan m&eacute;dical, chirurgical. </span></span></span></span></span></p>\r\n\r\n<p style=\"margin-left:0cm; margin-right:0cm; text-align:justify\"><span style=\"font-size:10pt\"><span style=\"font-family:&quot;Times New Roman&quot;,serif\"><span style=\"font-size:12.0pt\"><span style=\"font-family:&quot;Times&quot;,serif\"><span style=\"color:black\">Le diagnostic se fonde sur la clinique mais aussi sur de nombreuses techniques d&#39;explorations paracliniques qui ne sont pas sp&eacute;cifiques &agrave; la sp&eacute;cialit&eacute;. Sp&eacute;cifique cependant est l&#39;Urodynamique, ce moyen de diagnostic complexe o&ugrave; s&#39;associent plusieurs sciences fondamentales.</span></span></span></span></span></p>\r\n\r\n<p style=\"margin-left:0cm; margin-right:0cm; text-align:justify\"><span style=\"font-size:10pt\"><span style=\"font-family:&quot;Times New Roman&quot;,serif\"><span style=\"font-size:12.0pt\"><span style=\"font-family:&quot;Times&quot;,serif\"><span style=\"color:black\">La chirurgie urologique quant &agrave; elle, gr&acirc;ce aux progr&egrave;s de l&#39;Anesth&eacute;sie et de la R&eacute;animation, &eacute;tend son champ sur un vaste domaine d&#39;actes: gestes endocavitaires, &eacute;xer&egrave;ses limit&eacute;es ou larges, reconstruction, transfert tissulaire et d&#39;organes... Elle fait appel &agrave; diverses modalit&eacute;s techniques:</span></span></span></span></span></p>\r\n\r\n<p style=\"margin-left:0cm; margin-right:0cm; text-align:justify\"><span style=\"font-size:10pt\"><span style=\"font-family:&quot;Times New Roman&quot;,serif\"><span style=\"font-size:12.0pt\"><span style=\"font-family:&quot;Times&quot;,serif\"><span style=\"color:black\">- la chirurgie ouverte: touchant non seulement aux organes urog&eacute;nitaux, mais aussi digestifs et vasculaires, ainsi qu&#39;aux t&eacute;guments et aux muscles </span></span></span></span></span></p>\r\n\r\n<p style=\"margin-left:0cm; margin-right:0cm; text-align:justify\"><span style=\"font-size:10pt\"><span style=\"font-family:&quot;Times New Roman&quot;,serif\"><span style=\"font-size:12.0pt\"><span style=\"font-family:&quot;Times&quot;,serif\"><span style=\"color:black\">- la microchirurgie d&#39;&eacute;l&eacute;ments anatomiques urinaires et vasculaires</span></span></span></span></span></p>\r\n\r\n<p style=\"margin-left:0cm; margin-right:0cm; text-align:justify\"><span style=\"font-size:10pt\"><span style=\"font-family:&quot;Times New Roman&quot;,serif\"><span style=\"font-size:12.0pt\"><span style=\"font-family:&quot;Times&quot;,serif\"><span style=\"color:black\">- la coeliochirurgie et - l&#39;endoscopie dont la part peut atteindre jusqu&#39;&agrave; la moiti&eacute; des actes</span></span></span></span></span></p>\r\n\r\n<p style=\"margin-left:0cm; margin-right:0cm; text-align:justify\"><span style=\"font-size:10pt\"><span style=\"font-family:&quot;Times New Roman&quot;,serif\"><span style=\"font-size:12.0pt\"><span style=\"font-family:&quot;Times&quot;,serif\"><span style=\"color:black\">L&#39;Urologie exploite , en outre, sur une large &eacute;chelle des r&eacute;cents progr&egrave;s de la Physique et de la Chimie organique , et d&#39;autres sciences pures, en usage th&eacute;rapeutique, tels que:</span></span></span></span></span></p>\r\n\r\n<p style=\"margin-left:0cm; margin-right:0cm; text-align:justify\"><span style=\"font-size:10pt\"><span style=\"font-family:&quot;Times New Roman&quot;,serif\"><span style=\"font-size:12.0pt\"><span style=\"font-family:&quot;Times&quot;,serif\"><span style=\"color:black\">- le L.A.S.E.R., - les ultrasons , - les micro-ondes, - les ondes de Choc, illustr&eacute;es par la lithotritie extracorporelle, - les biomat&eacute;riaux dont&nbsp; des polym&egrave;res, sous formes de proth&egrave;ses extr&ecirc;mement vari&eacute;es</span></span></span></span></span></p>\r\n\r\n<p style=\"margin-left:0cm; margin-right:0cm; text-align:justify\"><span style=\"font-size:10pt\"><span style=\"font-family:&quot;Times New Roman&quot;,serif\"><span style=\"font-size:12.0pt\"><span style=\"font-family:&quot;Times&quot;,serif\"><span style=\"color:black\">Enfin, l&#39;Urologie s&#39;adresse &agrave; une vaste &nbsp;population , les patients des deux sexes, mais surtout de tous les &acirc;ges: le sujet in utero, le sujet p&eacute;diatrique, l&#39;adolescent, l&#39;adulte et le sujet g&eacute;riatrique.</span></span></span></span></span></p>\r\n\r\n<p style=\"margin-left:0cm; margin-right:0cm; text-align:justify\">&nbsp;</p>\r\n\r\n<p style=\"margin-left:0cm; margin-right:0cm; text-align:justify\"><span style=\"font-size:10pt\"><span style=\"font-family:&quot;Times New Roman&quot;,serif\"><span style=\"font-size:12.0pt\"><span style=\"font-family:&quot;Times&quot;,serif\"><span style=\"color:black\">3. OBJECTIFS DU COURS</span></span></span></span></span></p>\r\n\r\n<p style=\"margin-left:0cm; margin-right:0cm; text-align:justify\">&nbsp;</p>\r\n\r\n<p style=\"margin-left:0cm; margin-right:0cm; text-align:justify\"><span style=\"font-size:10pt\"><span style=\"font-family:&quot;Times New Roman&quot;,serif\"><span style=\"font-size:12.0pt\"><span style=\"font-family:&quot;Times&quot;,serif\"><span style=\"color:black\">Les objectifs de ce cours sont ceux retenus pour l&#39;enseignement de la Chirurgie au second cycle des &eacute;tudes m&eacute;dicales. La lecture de &nbsp;ce cours devrait permettre &agrave; l&#39;&eacute;tudiant de :</span></span></span></span></span></p>\r\n\r\n<p style=\"margin-left:0cm; margin-right:0cm; text-align:justify\"><span style=\"font-size:10pt\"><span style=\"font-family:&quot;Times New Roman&quot;,serif\"><span style=\"font-size:12.0pt\"><span style=\"font-family:&quot;Times&quot;,serif\"><span style=\"color:black\">1) conna&icirc;tre les entit&eacute;s nosologiques courantes en Urologie : d&eacute;finitions, &eacute;tiologie, physiopathologie, anatomie pathologique</span></span></span></span></span></p>\r\n\r\n<p style=\"margin-left:0cm; margin-right:0cm; text-align:justify\"><span style=\"font-size:10pt\"><span style=\"font-family:&quot;Times New Roman&quot;,serif\"><span style=\"font-size:12.0pt\"><span style=\"font-family:&quot;Times&quot;,serif\"><span style=\"color:black\">2) poser le diagnostic sur base des donn&eacute;es cliniques et d&#39;explorations paracliniques actuellement disponibles et &nbsp;avoir un esprit de synth&egrave;se susceptible de le conduire &agrave; aborder le diagnostic diff&eacute;rentiel;</span></span></span></span></span></p>\r\n\r\n<p style=\"margin-left:0cm; margin-right:0cm; text-align:justify\"><span style=\"font-size:10pt\"><span style=\"font-family:&quot;Times New Roman&quot;,serif\"><span style=\"font-size:12.0pt\"><span style=\"font-family:&quot;Times&quot;,serif\"><span style=\"color:black\">4) conna&icirc;tre les principes du traitement chirurgical propos&eacute; &agrave; chaque pathologie: indications, principaux aspects de la technique chirurgicale</span></span></span></span></span></p>\r\n\r\n<p style=\"margin-left:0cm; margin-right:0cm; text-align:justify\"><span style=\"font-size:10pt\"><span style=\"font-family:&quot;Times New Roman&quot;,serif\"><span style=\"font-size:12.0pt\"><span style=\"font-family:&quot;Times&quot;,serif\"><span style=\"color:black\">5) conna&icirc;tre les aspects &eacute;volutifs et pronostiques</span></span></span></span></span></p>\r\n\r\n<p style=\"margin-left:0cm; margin-right:0cm; text-align:justify\">&nbsp;</p>\r\n\r\n<p style=\"margin-left:0cm; margin-right:0cm; text-align:justify\"><span style=\"font-size:10pt\"><span style=\"font-family:&quot;Times New Roman&quot;,serif\"><span style=\"font-size:12.0pt\"><span style=\"font-family:&quot;Times&quot;,serif\"><span style=\"color:black\">4. EXTRAIT DE L&#39;HISTOIRE DE L&#39;UROLOGIE</span></span></span></span></span></p>\r\n\r\n<p style=\"margin-left:0cm; margin-right:0cm; text-align:justify\">&nbsp;</p>\r\n\r\n<p style=\"margin-left:0cm; margin-right:0cm; text-align:justify\"><span style=\"font-size:10pt\"><span style=\"font-family:&quot;Times New Roman&quot;,serif\"><span style=\"font-size:12.0pt\"><span style=\"font-family:&quot;Times&quot;,serif\"><span style=\"color:black\">D&#39;apr&egrave;s R K&uuml;ss et W Gr&eacute;goir le vocable Urologie, cr&eacute;&eacute; par Leroy D&#39;Etioles (1789-1860),&nbsp; est apparu vers 1840. Mais ce n&#39;est qu&#39;au d&eacute;but du XX&egrave; si&egrave;cle que l&#39;Urologie a nomm&eacute;ment d&eacute;sign&eacute; la sp&eacute;cialit&eacute;, celle-ci &eacute;tant d&#39;ailleurs une des premi&egrave;res sous-sp&eacute;cialit&eacute;s chirurgicales. Sa progression rapide lui a valu dans bien de domaines de la M&eacute;decine une place de pionnier. L&#39;appellation Urologie est donc relativement r&eacute;cente, mais l&#39;int&eacute;r&ecirc;t port&eacute; &agrave; l&#39;urine et aux affections urologiques remonte &agrave; la plus haute Antiquit&eacute; comme l&#39;indiquent les papyrus de la M&eacute;sopotamie et de l&#39;Egypte pharaonique; et ce, pour deux raisons. </span></span></span></span></span></p>\r\n\r\n<p style=\"margin-left:0cm; margin-right:0cm; text-align:justify\"><span style=\"font-size:10pt\"><span style=\"font-family:&quot;Times New Roman&quot;,serif\"><span style=\"font-size:12.0pt\"><span style=\"font-family:&quot;Times&quot;,serif\"><span style=\"color:black\">D&#39;une part, l&#39;on a cru, des origines jusqu&#39;au milieu du XIX&egrave; si&egrave;cle, sans tort mais en exag&eacute;rant les choses, que l&#39;aspect de l&#39;urine pouvait renseigner sur l&#39;&eacute;tat du corps humain&nbsp; C&#39;&eacute;tait de l&#39;uroscopie et de l&#39;Urologie de la premi&egrave;re d&eacute;finition: la Science de l&#39;urine. D&#39;autre part, les tableaux cliniques des affections urologiques ont &eacute;t&eacute;, et le sont&nbsp; encore aujourd&#39;hui, impressionnants: les insupportables et douloureuses r&eacute;tentions aigu&euml;s d&#39;urine, les mictions difficiles, br&ucirc;lantes, sanglantes...</span></span></span></span></span></p>\r\n\r\n<p style=\"margin-left:0cm; margin-right:0cm; text-align:justify\"><span style=\"font-size:10pt\"><span style=\"font-family:&quot;Times New Roman&quot;,serif\"><span style=\"font-size:12.0pt\"><span style=\"font-family:&quot;Times&quot;,serif\"><span style=\"color:black\">Deux affections se manifestant justement par des troubles mictionnels et de l&#39;aspect de l&#39;urine, ont marqu&eacute; profond&eacute;ment l&#39;histoire de la sp&eacute;cialit&eacute;: le r&eacute;tr&eacute;cissement de l&#39;ur&egrave;tre d&ucirc; &agrave; l&#39;ur&eacute;trite v&eacute;n&eacute;rienne et les &quot;pierres de la vessie&quot; . Ces affections &eacute;taient &nbsp;trait&eacute;es , non pas par des m&eacute;decins , mais plut&ocirc;t par des artisans de tout acabit dont les barbiers: personnes dont la profession &eacute;tait de tailler ou de raser la barbe. Les barbiers manipulaient le rasoir et bien d&#39;autres instruments: sondes en mati&egrave;re de toute nature et autres ingr&eacute;dients qui ne permettaient pas toujours de passer dans l&#39;ur&egrave;tre r&eacute;tr&eacute;ci et d&#39;acc&eacute;der &agrave; la vessie. Les artisans op&eacute;rateurs se r&eacute;solurent donc &agrave; aborder directement la vessie. L&#39;ouverture de la vessie, ou la taille v&eacute;sicale, &eacute;tait faite par le p&eacute;rin&eacute;e. Cette intervention &eacute;tait consid&eacute;r&eacute;e comme &quot;cruelle et p&eacute;rilleux&quot;, d&#39;autant plus qu&#39;elle &eacute;tait pratiqu&eacute;e sans anesth&eacute;sie et &eacute;tait grev&eacute;e d&#39;une grande mortalit&eacute;.</span></span></span></span></span></p>\r\n\r\n<p style=\"margin-left:0cm; margin-right:0cm; text-align:justify\"><span style=\"font-size:10pt\"><span style=\"font-family:&quot;Times New Roman&quot;,serif\"><span style=\"font-size:12.0pt\"><span style=\"font-family:&quot;Times&quot;,serif\"><span style=\"color:black\">Hippocrate l&#39;interdisait dans son serment &agrave; ses disciples, et la taille v&eacute;sicale resta en dehors de la m&eacute;decine jusqu&#39;au milieu du XVIII&egrave; si&egrave;cle. L&#39;op&eacute;ration de la taille (v&eacute;sicale), malgr&eacute; son infortune, e&ucirc;t le m&eacute;rite d&#39;ouvrir la voie &agrave; l&#39;Urologie et &agrave; l&#39;ensemble de la Chirurgie visc&eacute;rale.</span></span></span></span></span></p>\r\n\r\n<p style=\"margin-left:0cm; margin-right:0cm; text-align:justify\"><span style=\"font-size:10pt\"><span style=\"font-family:&quot;Times New Roman&quot;,serif\"><span style=\"font-size:12.0pt\"><span style=\"font-family:&quot;Times&quot;,serif\"><span style=\"color:black\">Les chirurgiens du XVIII&egrave; si&egrave;cle, m&eacute;decins ayant appris l&#39;Anatomie par la dissection, prirent possession des affections des voies urinaires et mirent fin aux activit&eacute;s des barbiers, artisans &laquo;&nbsp;inciseurs&nbsp;&raquo; unis en confr&eacute;rie au cours des si&egrave;cles et qui se proclamaient m&eacute;decins des rois! Les maladies des voies urinaires furent ainsi reconnues par les universit&eacute;s qui les inclurent dans la pathologie g&eacute;n&eacute;rale. Cependant&nbsp; l&#39;Urologie se cantonna longtemps au p&eacute;rin&eacute;e et au petit bassin. Le rein &eacute;tait pourtant d&eacute;j&agrave; connu par les travaux de Bright et Rayer. Ce n&#39;est que dans la seconde moiti&eacute; du XIX&egrave; si&egrave;cle, gr&acirc;ce &agrave; la d&eacute;couverte encore r&eacute;cente de l&#39;Anesth&eacute;sie, mais aussi de l&#39;asepsie et l&#39;antisepsie, que le rein devint chirurgical. La 1&egrave;re n&eacute;phrectomie f&ucirc;t en effet r&eacute;alis&eacute;e en 1869. L&#39;Urologie couvrait ainsi l&#39;ensemble de l&#39;appareil urinaire et se constitua en sp&eacute;cialit&eacute;. Le 1er congr&egrave;s de la soci&eacute;t&eacute; internationale d&#39;Urologie se tint &agrave; Paris en 1908 sous la pr&eacute;sidence&nbsp; du Professeur Guyon. Depuis la sp&eacute;cialit&eacute; fit des pas de g&eacute;ants dont ces quelques illustrations: - au d&eacute;but du si&egrave;cle: mise au point de la technique chirurgicale de l&#39;&quot;ad&eacute;nomectomie prostatique par Freyer et Fuller, v&eacute;ritable conqu&ecirc;te de la chirurgie apr&egrave;s des mill&eacute;naires, rendant &agrave; l&#39;homme &acirc;g&eacute; prostatique le bonheur bien de &quot;pisser&quot; - 1954,1&egrave;re transplantation r&eacute;nale, lib&eacute;rant l&#39;insuffisant r&eacute;nal chronique terminal des servitudes de la dialyse. La transplantation r&eacute;nale &eacute;tait aussi le 1er transfert d&#39;organe de l&#39;Humanit&eacute;.</span></span></span></span></span></p>\r\n\r\n<p style=\"margin-left:0cm; margin-right:0cm; text-align:justify\"><span style=\"font-size:10pt\"><span style=\"font-family:&quot;Times New Roman&quot;,serif\"><strong><span style=\"font-size:12.0pt\"><span style=\"font-family:&quot;Times&quot;,serif\"><span style=\"color:black\">MODULE 1.</span></span></span></strong></span></span></p>\r\n\r\n<p style=\"margin-left:0cm; margin-right:0cm; text-align:justify\">&nbsp;</p>\r\n\r\n<p style=\"margin-left:0cm; margin-right:0cm; text-align:justify\"><span style=\"font-size:10pt\"><span style=\"font-family:&quot;Times New Roman&quot;,serif\"><strong><span style=\"font-size:12.0pt\"><span style=\"font-family:&quot;Times&quot;,serif\"><span style=\"color:black\">&nbsp;Le diagnostic en Urologie</span></span></span></strong></span></span></p>\r\n\r\n<p>&nbsp;</p>\r\n\r\n<p style=\"margin-left:0cm; margin-right:0cm; text-align:justify\">&nbsp;</p>\r\n\r\n<p style=\"margin-left:0cm; margin-right:0cm; text-align:justify\">&nbsp;</p>\r\n\r\n<p style=\"margin-left:0cm; margin-right:0cm; text-align:justify\"><span style=\"font-size:10pt\"><span style=\"font-family:&quot;Times New Roman&quot;,serif\"><span style=\"font-size:12.0pt\"><span style=\"font-family:&quot;Times&quot;,serif\"><span style=\"color:black\">INTRODUCTION</span></span></span></span></span></p>\r\n\r\n<p style=\"margin-left:0cm; margin-right:0cm; text-align:justify\">&nbsp;</p>\r\n\r\n<p style=\"margin-left:0cm; margin-right:0cm; text-align:justify\"><span style=\"font-size:10pt\"><span style=\"font-family:&quot;Times New Roman&quot;,serif\"><span style=\"font-size:12.0pt\"><span style=\"font-family:&quot;Times&quot;,serif\"><span style=\"color:black\">&nbsp;En Urologie, le diagnostic adopte la m&ecirc;me structure que dans d&#39;autres sp&eacute;cialit&eacute;s m&eacute;dicales. A l&#39;interrogatoire et &agrave; l&#39;examen physique fait donc suite l&#39;&eacute;tape des explorations paracliniques. </span></span></span></span></span></p>\r\n\r\n<p style=\"margin-left:0cm; margin-right:0cm; text-align:justify\"><span style=\"font-size:10pt\"><span style=\"font-family:&quot;Times New Roman&quot;,serif\"><span style=\"font-size:12.0pt\"><span style=\"font-family:&quot;Times&quot;,serif\"><span style=\"color:black\">Nous ne reprenons dans ce module que les points essentiels du diagnostic sp&eacute;cifiques &agrave; l&#39;Urologie.&nbsp;&nbsp;&nbsp;&nbsp; </span></span></span></span></span></p>\r\n\r\n<p style=\"margin-left:0cm; margin-right:0cm; text-align:justify\">&nbsp;</p>\r\n\r\n<p style=\"margin-left:0cm; margin-right:0cm; text-align:justify\"><span style=\"font-size:10pt\"><span style=\"font-family:&quot;Times New Roman&quot;,serif\"><span style=\"font-size:12.0pt\"><span style=\"font-family:&quot;Times&quot;,serif\"><span style=\"color:black\">1. EXAMEN CLINIQUE</span></span></span></span></span></p>\r\n\r\n<p style=\"margin-left:0cm; margin-right:0cm; text-align:justify\">&nbsp;</p>\r\n\r\n<p style=\"margin-left:0cm; margin-right:0cm; text-align:justify\"><span style=\"font-size:10pt\"><span style=\"font-family:&quot;Times New Roman&quot;,serif\"><span style=\"font-size:12.0pt\"><span style=\"font-family:&quot;Times&quot;,serif\"><span style=\"color:black\">1.1. <u>Interrogatoire</u></span></span></span></span></span></p>\r\n\r\n<p style=\"margin-left:0cm; margin-right:0cm; text-align:justify\">&nbsp;</p>\r\n\r\n<p style=\"margin-left:0cm; margin-right:0cm; text-align:justify\"><span style=\"font-size:10pt\"><span style=\"font-family:&quot;Times New Roman&quot;,serif\"><span style=\"font-size:12.0pt\"><span style=\"font-family:&quot;Times&quot;,serif\"><span style=\"color:black\">&nbsp;L&#39;interrogatoire est la pierre angulaire, la cl&eacute; du diagnostic. Il s&#39;agit d&#39;obtenir un maximum de renseignements par le patient lui-m&ecirc;me ou par son entourage sur la maladie. </span></span></span></span></span></p>\r\n\r\n<p style=\"margin-left:0cm; margin-right:0cm; text-align:justify\">&nbsp;</p>\r\n\r\n<p style=\"margin-left:0cm; margin-right:0cm; text-align:justify\"><span style=\"font-size:10pt\"><span style=\"font-family:&quot;Times New Roman&quot;,serif\"><span style=\"font-size:12.0pt\"><span style=\"font-family:&quot;Times&quot;,serif\"><span style=\"color:black\">1.1.1. <u>Sympt&ocirc;mes dominants</u></span></span></span></span></span></p>\r\n\r\n<p style=\"margin-left:0cm; margin-right:0cm; text-align:justify\">&nbsp;</p>\r\n\r\n<p style=\"margin-left:0cm; margin-right:0cm; text-align:justify\"><span style=\"font-size:10pt\"><span style=\"font-family:&quot;Times New Roman&quot;,serif\"><span style=\"font-size:12.0pt\"><span style=\"font-family:&quot;Times&quot;,serif\"><span style=\"color:black\">On en note la nature, la localisation, la s&eacute;v&eacute;rit&eacute;, le mode d&eacute;but, la p&eacute;riodicit&eacute;. La liste propos&eacute;e ci-dessous indique les sympt&ocirc;mes urologiques les plus courants. </span></span></span></span></span></p>\r\n\r\n<p style=\"margin-left:0cm; margin-right:0cm; text-align:justify\">&nbsp;</p>\r\n\r\n<p style=\"margin-left:0cm; margin-right:0cm; text-align:justify\"><span style=\"font-size:10pt\"><span style=\"font-family:&quot;Times New Roman&quot;,serif\"><u><span style=\"font-size:12.0pt\"><span style=\"font-family:&quot;Times&quot;,serif\"><span style=\"color:black\">La douleur</span></span></span></u></span></span></p>\r\n\r\n<p style=\"margin-left:0cm; margin-right:0cm; text-align:justify\">&nbsp;</p>\r\n\r\n<p style=\"margin-left:0cm; margin-right:0cm; text-align:justify\"><span style=\"font-size:10pt\"><span style=\"font-family:&quot;Times New Roman&quot;,serif\"><span style=\"font-size:12.0pt\"><span style=\"font-family:&quot;Times&quot;,serif\"><span style=\"color:black\">Elle est due &agrave; diff&eacute;rents m&eacute;canismes: distension des cavit&eacute;s, inflammation, infiltration tumorale, &eacute;tranglement, compression, isch&eacute;mie, n&eacute;crose tumorale, n&eacute;crose isch&eacute;mique.... Ces m&eacute;canismes en d&eacute;finissent la traduction clinique.</span></span></span></span></span></p>\r\n\r\n<p style=\"margin-left:0cm; margin-right:0cm; text-align:justify\">&nbsp;</p>\r\n\r\n<p style=\"margin-left:0cm; margin-right:0cm; text-align:justify\"><span style=\"font-size:10pt\"><span style=\"font-family:&quot;Times New Roman&quot;,serif\"><span style=\"font-size:12.0pt\"><span style=\"font-family:&quot;Times&quot;,serif\"><span style=\"color:black\">Douleur d&#39;origine r&eacute;nale.</span></span></span></span></span></p>\r\n\r\n<p style=\"margin-left:0cm; margin-right:0cm; text-align:justify\">&nbsp;</p>\r\n\r\n<p style=\"margin-left:0cm; margin-right:0cm; text-align:justify\"><span style=\"font-size:10pt\"><span style=\"font-family:&quot;', 2, 1, '2019-01-17 21:31:59', 'Nous avons donné lors de nos enseignements au premier cycle des études médicales une brève aperçue des spécialités chirurgicales');
INSERT INTO `ouvrage` (`id_ouvrage`, `nbre_page`, `titre`, `contenu`, `id_cat`, `id_maison`, `created`, `resume`) VALUES
(5, 67, 'COURS DE MEDECINE LEGALE', '<p style=\"margin-left:0cm; margin-right:0cm; text-align:center\">&nbsp;</p>\r\n\r\n<p style=\"margin-left:0cm; margin-right:0cm; text-align:center\">&nbsp;</p>\r\n\r\n<p style=\"margin-left:0cm; margin-right:0cm; text-align:center\">&nbsp;</p>\r\n\r\n<p style=\"margin-left:0cm; margin-right:0cm; text-align:center\"><span style=\"font-size:11pt\"><span style=\"font-family:&quot;Calibri&quot;,sans-serif\"><span style=\"font-size:36.0pt\"><span style=\"font-family:&quot;Bernard MT Condensed&quot;,serif\">COURS DE MEDECINE LEGALE</span></span></span></span></p>\r\n\r\n<p style=\"margin-left:0cm; margin-right:0cm; text-align:center\">&nbsp;</p>\r\n\r\n<p style=\"margin-left:0cm; margin-right:0cm; text-align:center\">&nbsp;</p>\r\n\r\n<p style=\"margin-left:0cm; margin-right:0cm; text-align:center\">&nbsp;</p>\r\n\r\n<p style=\"margin-left:0cm; margin-right:0cm; text-align:center\">&nbsp;</p>\r\n\r\n<p style=\"margin-left:0cm; margin-right:0cm; text-align:center\">&nbsp;</p>\r\n\r\n<p style=\"margin-left:0cm; margin-right:0cm; text-align:center\">&nbsp;</p>\r\n\r\n<p style=\"margin-left:0cm; margin-right:0cm; text-align:center\"><span style=\"font-size:11pt\"><span style=\"font-family:&quot;Calibri&quot;,sans-serif\"><a name=\"_Toc318307332\"><span style=\"font-size:10.0pt\"><span style=\"font-family:&quot;Bernard MT Condensed&quot;,serif\">INTRODUCTION</span></span></a></span></span></p>\r\n\r\n<p style=\"margin-left:0cm; margin-right:0cm; text-align:justify\"><span style=\"font-size:11pt\"><span style=\"font-family:&quot;Calibri&quot;,sans-serif\"><a name=\"_Toc318307333\"><span style=\"font-size:10.0pt\"><span style=\"font-family:&quot;Bookman Old Style&quot;,serif\">D&eacute;finition</span></span></a></span></span></p>\r\n\r\n<p style=\"margin-left:0cm; margin-right:0cm; text-align:justify\"><span style=\"font-size:11pt\"><span style=\"font-family:&quot;Calibri&quot;,sans-serif\"><span style=\"font-size:10.0pt\"><span style=\"font-family:&quot;Bookman Old Style&quot;,serif\">La m&eacute;decine l&eacute;gale est l&rsquo;&eacute;tude de toute les situations juridiques qui s&rsquo;&eacute;tablissent &agrave; l&rsquo;occasion ou par le go&ucirc;t de l&rsquo;exercice des professions m&eacute;dicales.</span></span></span></span></p>\r\n\r\n<p style=\"margin-left:0cm; margin-right:0cm; text-align:justify\"><span style=\"font-size:11pt\"><span style=\"font-family:&quot;Calibri&quot;,sans-serif\"><span style=\"font-size:10.0pt\"><span style=\"font-family:&quot;Bookman Old Style&quot;,serif\">Que ce soit au niveau du m&eacute;decin ou de l&rsquo;auxiliaire m&eacute;dical.</span></span></span></span></p>\r\n\r\n<p style=\"margin-left:0cm; margin-right:0cm; text-align:justify\"><span style=\"font-size:11pt\"><span style=\"font-family:&quot;Calibri&quot;,sans-serif\"><span style=\"font-size:10.0pt\"><span style=\"font-family:&quot;Bookman Old Style&quot;,serif\">M&eacute;decine l&eacute;gale&nbsp;: Droit appliqu&eacute; &agrave; la m&eacute;decine</span></span></span></span></p>\r\n\r\n<p style=\"margin-left:0cm; margin-right:0cm; text-align:justify\"><span style=\"font-size:11pt\"><span style=\"font-family:&quot;Calibri&quot;,sans-serif\"><span style=\"font-size:10.0pt\"><span style=\"font-family:&quot;Bookman Old Style&quot;,serif\">La m&eacute;decine l&eacute;gale en tant que branche de la m&eacute;decine est l&rsquo;&eacute;tude de tous les probl&egrave;mes de la responsabilit&eacute; inh&eacute;rente &agrave; l&rsquo;exercice de la m&eacute;decine qui peuvent avoir des <strong>indications juridiques&nbsp;</strong>:</span></span></span></span></p>\r\n\r\n<ul>\r\n	<li style=\"text-align:justify\"><span style=\"font-size:11pt\"><span style=\"font-family:&quot;Calibri&quot;,sans-serif\"><span style=\"font-size:10.0pt\"><span style=\"font-family:&quot;Bookman Old Style&quot;,serif\">Soit que le m&eacute;decin est pr&egrave;s en faute dans l&rsquo;exercice de son m&eacute;tier et est train&eacute; devant la justice (Cours et Tribunaux). Ici, on consid&egrave;re donc tous les probl&egrave;mes de la responsabilit&eacute; p&eacute;nale et civile du m&eacute;decin.</span></span></span></span></li>\r\n	<li style=\"text-align:justify\"><span style=\"font-size:11pt\"><span style=\"font-family:&quot;Calibri&quot;,sans-serif\"><span style=\"font-size:10.0pt\"><span style=\"font-family:&quot;Bookman Old Style&quot;,serif\">Soit qu&rsquo;il est appel&eacute; &agrave; &eacute;clairer l&rsquo;organe de la loi par ses connaissances scientifiques quand celui-ci (l&rsquo;organe de la loi) &agrave; rendre justice.</span></span></span></span></li>\r\n</ul>\r\n\r\n<p style=\"margin-left:0cm; margin-right:0cm; text-align:justify\">&nbsp;</p>\r\n\r\n<p style=\"margin-left:0cm; margin-right:0cm; text-align:justify\">&nbsp;</p>\r\n\r\n<p style=\"margin-left:0cm; margin-right:0cm; text-align:justify\"><span style=\"font-size:11pt\"><span style=\"font-family:&quot;Calibri&quot;,sans-serif\"><a name=\"_Toc318307334\"><strong><span style=\"font-size:10.0pt\"><span style=\"font-family:&quot;Bookman Old Style&quot;,serif\">Aspects l&eacute;gaux de la pratique m&eacute;dicale</span></span></strong></a></span></span></p>\r\n\r\n<p style=\"margin-left:0cm; margin-right:0cm; text-align:justify\"><span style=\"font-size:11pt\"><span style=\"font-family:&quot;Calibri&quot;,sans-serif\"><span style=\"font-size:10.0pt\"><span style=\"font-family:&quot;Bookman Old Style&quot;,serif\">Beaucoup d&rsquo;actes pos&eacute;s dans la pratique m&eacute;dicale quotidienne et routini&egrave;re sont des actes dont les m&eacute;decins eux-m&ecirc;mes n&rsquo;ont pas souvent conscience de la port&eacute;e l&eacute;gale ou des m&eacute;dications et cons&eacute;quence juridique dont ils sont charg&eacute;s.</span></span></span></span></p>\r\n\r\n<p style=\"margin-left:0cm; margin-right:0cm; text-align:justify\"><span style=\"font-size:11pt\"><span style=\"font-family:&quot;Calibri&quot;,sans-serif\"><span style=\"font-size:10.0pt\"><span style=\"font-family:&quot;Bookman Old Style&quot;,serif\">La pratique m&eacute;dicale est elle-m&ecirc;me un acte m&eacute;dical r&eacute;git par la loi qui d&eacute;termine les personnes habilit&eacute;es &agrave; exercer la m&eacute;decine et qui prescrivent les normes &eacute;thiques dans lesquels doit &ecirc;tre exercer l&rsquo;art de gu&eacute;rir.</span></span></span></span></p>\r\n\r\n<p style=\"margin-left:0cm; margin-right:0cm; text-align:justify\"><span style=\"font-size:11pt\"><span style=\"font-family:&quot;Calibri&quot;,sans-serif\"><span style=\"font-size:10.0pt\"><span style=\"font-family:&quot;Bookman Old Style&quot;,serif\">Ces normes sont contr&ocirc;l&eacute;es par&nbsp;:</span></span></span></span></p>\r\n\r\n<ul>\r\n	<li style=\"text-align:justify\"><span style=\"font-size:11pt\"><span style=\"font-family:&quot;Calibri&quot;,sans-serif\"><span style=\"font-size:10.0pt\"><span style=\"font-family:&quot;Bookman Old Style&quot;,serif\">Ordre de m&eacute;decin (RDC)</span></span></span></span></li>\r\n	<li style=\"text-align:justify\"><span style=\"font-size:11pt\"><span style=\"font-family:&quot;Calibri&quot;,sans-serif\"><span style=\"font-size:10.0pt\"><span style=\"font-family:&quot;Bookman Old Style&quot;,serif\">Conseil m&eacute;dical g&eacute;n&eacute;ral</span></span></span></span></li>\r\n</ul>\r\n\r\n<p style=\"margin-left:0cm; margin-right:0cm; text-align:justify\"><span style=\"font-size:11pt\"><span style=\"font-family:&quot;Calibri&quot;,sans-serif\"><span style=\"font-size:10.0pt\"><span style=\"font-family:&quot;Bookman Old Style&quot;,serif\">L&rsquo;exercice de la m&eacute;decine en contradiction avec ces dispositions ou en violation des normes &eacute;thiques est puni par la loi qui, en g&eacute;n&eacute;ral, s&rsquo;applique &eacute;galement &agrave; travers ces corps l&eacute;galement constitu&eacute;s (instaur&eacute;s).</span></span></span></span></p>\r\n\r\n<p style=\"margin-left:0cm; margin-right:0cm; text-align:justify\"><span style=\"font-size:11pt\"><span style=\"font-family:&quot;Calibri&quot;,sans-serif\"><em><span style=\"font-size:10.0pt\"><span style=\"font-family:&quot;Bookman Old Style&quot;,serif\">La d&eacute;livrance de certificat de naissance, de d&eacute;c&egrave;s, de repos m&eacute;dical ou celle des certificats pr&eacute;nuptiaux est un acte m&eacute;dico-l&eacute;gal que posent les m&eacute;decins et dont la port&eacute;e juridique n&rsquo;est pas souvent pleinement ressentie</span></span></em><span style=\"font-size:10.0pt\"><span style=\"font-family:&quot;Bookman Old Style&quot;,serif\">.</span></span></span></span></p>\r\n\r\n<p style=\"margin-left:0cm; margin-right:0cm; text-align:justify\"><span style=\"font-size:11pt\"><span style=\"font-family:&quot;Calibri&quot;,sans-serif\"><span style=\"font-size:10.0pt\"><span style=\"font-family:&quot;Bookman Old Style&quot;,serif\">Le fait m&ecirc;me d&rsquo;examiner et de traiter un patient suppose un consentement de la part de ce dernier physiquement et de traiter un individu. Le consentement de celui-ci est requit (n&eacute;cessaire)&nbsp;; le m&eacute;decin est implicite ou explicite lorsqu&rsquo;il est donn&eacute; par un tiers ou lorsqu&rsquo;il y a urgence. La loi pr&eacute;voit des exceptions o&ugrave; le m&eacute;decin peut examiner et traiter un individu sans son consentement.</span></span></span></span></p>\r\n\r\n<p style=\"margin-left:0cm; margin-right:0cm; text-align:justify\"><span style=\"font-size:11pt\"><span style=\"font-family:&quot;Calibri&quot;,sans-serif\"><span style=\"font-size:10.0pt\"><span style=\"font-family:&quot;Bookman Old Style&quot;,serif\">Exemple&nbsp;: En cas d&rsquo;un accident&eacute;.</span></span></span></span></p>\r\n\r\n<p style=\"margin-left:0cm; margin-right:0cm; text-align:justify\"><span style=\"font-size:11pt\"><span style=\"font-family:&quot;Calibri&quot;,sans-serif\"><span style=\"font-size:10.0pt\"><span style=\"font-family:&quot;Bookman Old Style&quot;,serif\">Les rapports qui s&rsquo;&eacute;tablissent entre le m&eacute;decin et le malade sont des rapports privil&eacute;gi&eacute;s sanctionn&eacute;s par la loi pour prot&eacute;ger l&rsquo;int&eacute;grit&eacute; du malade en tant qu&rsquo;individu.</span></span></span></span></p>\r\n\r\n<p style=\"margin-left:0cm; margin-right:0cm; text-align:justify\"><span style=\"font-size:11pt\"><span style=\"font-family:&quot;Calibri&quot;,sans-serif\"><span style=\"font-size:10.0pt\"><span style=\"font-family:&quot;Bookman Old Style&quot;,serif\">La loi rend le m&eacute;decin responsable et d&eacute;fenseur de tout malade qui se confie &agrave; lui. Il en a la responsabilit&eacute; pour son int&eacute;grit&eacute; morale. Ceci &eacute;voque tous les probl&egrave;mes du <em>secret professionnel m&eacute;dical</em>.</span></span></span></span></p>\r\n\r\n<p style=\"margin-left:0cm; margin-right:0cm; text-align:justify\"><span style=\"font-size:11pt\"><span style=\"font-family:&quot;Calibri&quot;,sans-serif\"><span style=\"font-size:10.0pt\"><span style=\"font-family:&quot;Bookman Old Style&quot;,serif\">Il en a la responsabilit&eacute; pour son <em>int&eacute;grit&eacute; physique</em>. La loi reconnait au m&eacute;decin la garantie de la qualit&eacute; de soin. C&rsquo;est aussi &agrave; lui que revient le r&ocirc;le de constater le d&eacute;c&egrave;s et de d&eacute;clarer si la cause est naturelle ou non.</span></span></span></span></p>\r\n\r\n<p style=\"margin-left:0cm; margin-right:0cm; text-align:justify\"><span style=\"font-size:11pt\"><span style=\"font-family:&quot;Calibri&quot;,sans-serif\"><span style=\"font-size:10.0pt\"><span style=\"font-family:&quot;Bookman Old Style&quot;,serif\">Ces actes ou ces situations o&ugrave; la pratique m&eacute;dicale se frotte &agrave; la loi constituent un aspect de la m&eacute;decine l&eacute;gale et on peut dire de fa&ccedil;on laminaire que <em>la pratique m&eacute;dicale journali&egrave;re est un terrain pi&eacute;g&eacute; ou min&eacute; par la loi</em>.</span></span></span></span></p>\r\n\r\n<p style=\"margin-left:0cm; margin-right:0cm; text-align:justify\"><span style=\"font-size:11pt\"><span style=\"font-family:&quot;Calibri&quot;,sans-serif\"><a name=\"_Toc318307335\"><strong><span style=\"font-size:10.0pt\"><span style=\"font-family:&quot;Bookman Old Style&quot;,serif\">M&eacute;decine l&eacute;gale&nbsp;: Lanterne pour la justice</span></span></strong></a></span></span></p>\r\n\r\n<p style=\"margin-left:0cm; margin-right:0cm; text-align:justify\"><span style=\"font-size:11pt\"><span style=\"font-family:&quot;Calibri&quot;,sans-serif\"><span style=\"font-size:10.0pt\"><span style=\"font-family:&quot;Bookman Old Style&quot;,serif\">Traditionnellement la m&eacute;decine l&eacute;gale a eu comme domaine principal <em>la d&eacute;termination de la cause de la mort sp&eacute;cialement soudaine ou violente</em>.</span></span></span></span></p>\r\n\r\n<p style=\"margin-left:0cm; margin-right:0cm; text-align:justify\"><span style=\"font-size:11pt\"><span style=\"font-family:&quot;Calibri&quot;,sans-serif\"><span style=\"font-size:10.0pt\"><span style=\"font-family:&quot;Bookman Old Style&quot;,serif\">L&rsquo;&eacute;tude ou la recherche d&rsquo;explication d&rsquo;une telle mort s&rsquo;est toujours &nbsp;impos&eacute; &agrave; la volont&eacute; des gens &agrave; toutes les &eacute;poques de l&rsquo;histoire et &agrave; toutes les soci&eacute;t&eacute;s car les gens sont toujours intriqu&eacute;s par une mort bizarre que ce soit par homicide, suicide ou par accident.</span></span></span></span></p>\r\n\r\n<p style=\"margin-left:0cm; margin-right:0cm; text-align:justify\"><span style=\"font-size:11pt\"><span style=\"font-family:&quot;Calibri&quot;,sans-serif\"><span style=\"font-size:10.0pt\"><span style=\"font-family:&quot;Bookman Old Style&quot;,serif\">Dans le temps m&eacute;morable de l&rsquo;&eacute;poque romaine la m&eacute;decine l&eacute;gale, pour l&rsquo;investigation de cause d&rsquo;une telle mort se pratiquait sur la place publique appel&eacute;e <strong>forum</strong>. D&eacute; l&agrave; d&eacute;coule le terme <strong>Forensic m&eacute;decine </strong>ou <strong>pathology</strong> pour d&eacute;signer la m&eacute;decine l&eacute;gale.</span></span></span></span></p>\r\n\r\n<p style=\"margin-left:0cm; margin-right:0cm; text-align:justify\"><span style=\"font-size:11pt\"><span style=\"font-family:&quot;Calibri&quot;,sans-serif\"><span style=\"font-size:10.0pt\"><span style=\"font-family:&quot;Bookman Old Style&quot;,serif\">Mais depuis lors la m&eacute;decine l&eacute;gale s&rsquo;est fort &eacute;largie et s&rsquo;est enrichie des apports de la science m&eacute;dicale moderne notamment de l&rsquo;Anatomie Pathologique et de la technologie moderne avanc&eacute;e.</span></span></span></span></p>\r\n\r\n<p style=\"margin-left:0cm; margin-right:0cm; text-align:justify\"><span style=\"font-size:11pt\"><span style=\"font-family:&quot;Calibri&quot;,sans-serif\"><span style=\"font-size:10.0pt\"><span style=\"font-family:&quot;Bookman Old Style&quot;,serif\">Par ailleurs, les interventions du m&eacute;decin en mati&egrave;re de droit, ce sont consid&eacute;rablement modifi&eacute; et &eacute;tendue non seulement avec cette &eacute;volution de la sc&egrave;ne m&eacute;dicale mais aussi avec l&rsquo;&eacute;volution de la loi, de la s&eacute;curit&eacute; sociale et m&ecirc;me de la mentalit&eacute; et de l&rsquo;&eacute;thique sociale.</span></span></span></span></p>\r\n\r\n<p style=\"margin-left:0cm; margin-right:0cm; text-align:justify\"><span style=\"font-size:11pt\"><span style=\"font-family:&quot;Calibri&quot;,sans-serif\"><span style=\"font-size:10.0pt\"><span style=\"font-family:&quot;Bookman Old Style&quot;,serif\">C&rsquo;est ainsi qu&rsquo;actuellement, les domaines o&ugrave; la m&eacute;decine intervient dans l&rsquo;application de la loi dans la dispensation de la justice sont multiples et vari&eacute;s, ce qui exige du m&eacute;decin expert l&eacute;giste mod&egrave;le, non seulement de connaissance vraiment encyclop&eacute;dique mais aussi un &eacute;quipement technique appropri&eacute; et parfois sophistiqu&eacute;.</span></span></span></span></p>\r\n\r\n<p style=\"margin-left:0cm; margin-right:0cm; text-align:justify\"><span style=\"font-size:11pt\"><span style=\"font-family:&quot;Calibri&quot;,sans-serif\"><span style=\"font-size:10.0pt\"><span style=\"font-family:&quot;Bookman Old Style&quot;,serif\">Cette &eacute;volution justifie la naissance des laboratoires sp&eacute;cialis&eacute;s apportant &agrave; la m&eacute;decine l&eacute;gale un concours indispensable comme dans le domaine de la toxicologie et de la balistique. Aujourd&rsquo;hui, la m&eacute;decine l&eacute;gale&nbsp;&nbsp; d&eacute;signe l&rsquo;activit&eacute; m&eacute;dicale vue sous l&rsquo;angle de ces cons&eacute;quences administratives, judiciaires et m&ecirc;me &eacute;conomiques.</span></span></span></span></p>\r\n\r\n<p style=\"margin-left:0cm; margin-right:0cm; text-align:justify\"><span style=\"font-size:11pt\"><span style=\"font-family:&quot;Calibri&quot;,sans-serif\"><span style=\"font-size:10.0pt\"><span style=\"font-family:&quot;Bookman Old Style&quot;,serif\">Le m&eacute;decin l&eacute;giste d&rsquo;aujourd&rsquo;hui n&rsquo;est plus uniquement &laquo;&nbsp;<strong><em>ouvreur de cadavre suspect</em></strong>&nbsp;&raquo; dont l&rsquo;homme de la loi n&rsquo;autorise pas l&rsquo;enterrement sans faire pratiquer une autopsie ou qu&rsquo;il fait d&eacute;terrer pour autopsie au contraire de m&eacute;decin l&eacute;giste a beaucoup d&rsquo;autres occupations pour &eacute;clairer les organes de la loi des beaucoup de domaines quand il faut rendre justice.</span></span></span></span></p>\r\n\r\n<p style=\"margin-left:0cm; margin-right:0cm; text-align:justify\"><span style=\"font-size:11pt\"><span style=\"font-family:&quot;Calibri&quot;,sans-serif\"><span style=\"font-size:10.0pt\"><span style=\"font-family:&quot;Bookman Old Style&quot;,serif\">Ces domaines peuvent se regrouper en&nbsp;:</span></span></span></span></p>\r\n\r\n<ol>\r\n	<li style=\"text-align:justify\"><span style=\"font-size:11pt\"><span style=\"font-family:&quot;Calibri&quot;,sans-serif\"><strong><span style=\"font-size:10.0pt\"><span style=\"font-family:&quot;Bookman Old Style&quot;,serif\">Traumatologie m&eacute;dico-l&eacute;gale</span></span></strong></span></span></li>\r\n</ol>\r\n\r\n<p style=\"margin-left:0cm; margin-right:0cm; text-align:justify\"><span style=\"font-size:11pt\"><span style=\"font-family:&quot;Calibri&quot;,sans-serif\"><span style=\"font-size:10.0pt\"><span style=\"font-family:&quot;Bookman Old Style&quot;,serif\">Il s&rsquo;agit de toutes sortes de l&eacute;sions que le droit d&eacute;nomm&eacute; &laquo;&nbsp;<strong>coups et blessures</strong>&nbsp;&raquo; pour de telles l&eacute;sions un m&eacute;decin affect&eacute; par les magistrats doit pouvoir &eacute;clairer celui-ci de fa&ccedil;on pr&eacute;cise, par les trois points essentiels suivants&nbsp;:</span></span></span></span></p>\r\n\r\n<ul>\r\n	<li style=\"text-align:justify\"><span style=\"font-size:11pt\"><span style=\"font-family:&quot;Calibri&quot;,sans-serif\"><span style=\"font-size:10.0pt\"><span style=\"font-family:&quot;Bookman Old Style&quot;,serif\">D&eacute;terminer l&rsquo;agent traumatisant et les circonstances dans lesquelles le traumatisme s&rsquo;est produit&nbsp;;</span></span></span></span></li>\r\n	<li style=\"text-align:justify\"><span style=\"font-size:11pt\"><span style=\"font-family:&quot;Calibri&quot;,sans-serif\"><span style=\"font-size:10.0pt\"><span style=\"font-family:&quot;Bookman Old Style&quot;,serif\">Etablir ou exclure un lien de cause &agrave; effet entre le traumatisme et les manifestations morbides, &eacute;ventuellement reli&eacute;es &agrave; celui-ci (traumatisme)&nbsp;;</span></span></span></span></li>\r\n	<li style=\"text-align:justify\"><span style=\"font-size:11pt\"><span style=\"font-family:&quot;Calibri&quot;,sans-serif\"><span style=\"font-size:10.0pt\"><span style=\"font-family:&quot;Bookman Old Style&quot;,serif\">D&eacute;terminer le degr&eacute; d&rsquo;incapacit&eacute; &eacute;ventuellement d&eacute;coulant de la l&eacute;sion traumatique en vue de la r&eacute;paration du dommage et de la r&eacute;orientation professionnelle quand il s&rsquo;agit particuli&egrave;rement des accidents de travail. Le m&eacute;decin expert doit savoir que son activit&eacute; est diff&eacute;rente de la pratique m&eacute;dicale courante car la m&eacute;decine l&eacute;gale doit s&rsquo;appuyer sur <em>des faits indiscutables, fournir aux magistrats de conclusions pr&eacute;cises &eacute;nonc&eacute;es aussi clairement et simplement possible dans un langage qui lui soit accessible et en &eacute;vitant toute discussion d&rsquo;ordre strictement m&eacute;dicale en rapport avec l&rsquo;affaire</em>.</span></span></span></span></li>\r\n</ul>\r\n\r\n<p style=\"margin-left:0cm; margin-right:0cm; text-align:justify\"><span style=\"font-size:11pt\"><span style=\"font-family:&quot;Calibri&quot;,sans-serif\"><span style=\"font-size:10.0pt\"><span style=\"font-family:&quot;Bookman Old Style&quot;,serif\">Le juge n&rsquo;a pas &agrave; trancher entre Hippocrate et Gallien. Le m&eacute;decin expert doit pouvoir r&eacute;pondre &agrave; toutes les questions pos&eacute;es par le magistrat.</span></span></span></span></p>\r\n\r\n<p style=\"margin-left:0cm; margin-right:0cm; text-align:justify\"><span style=\"font-size:11pt\"><span style=\"font-family:&quot;Calibri&quot;,sans-serif\"><a name=\"_Toc318307336\"><span style=\"font-size:10.0pt\"><span style=\"font-family:&quot;Bookman Old Style&quot;,serif\">Exemple&nbsp;: - cause de d&eacute;c&egrave;s</span></span></a></span></span></p>\r\n\r\n<p style=\"margin-left:0cm; margin-right:0cm; text-align:justify\"><span style=\"font-size:11pt\"><span style=\"font-family:&quot;Calibri&quot;,sans-serif\"><span style=\"font-size:10.0pt\"><span style=\"font-family:&quot;Bookman Old Style&quot;,serif\">&nbsp;&nbsp;&nbsp;&nbsp;&nbsp;&nbsp;&nbsp;&nbsp;&nbsp;&nbsp;&nbsp; &nbsp;&nbsp;&nbsp;&nbsp;&nbsp;&nbsp; - l&rsquo;heure du d&eacute;c&egrave;s</span></span></span></span></p>\r\n\r\n<p style=\"margin-left:0cm; margin-right:0cm; text-align:justify\"><span style=\"font-size:11pt\"><span style=\"font-family:&quot;Calibri&quot;,sans-serif\"><span style=\"font-size:10.0pt\"><span style=\"font-family:&quot;Bookman Old Style&quot;,serif\">Lorsque la d&eacute;monstration absolue ne peut &ecirc;tre apport&eacute;e, il devra se contenter de citer les arguments donnant une certaine valeur aux conclusions propos&eacute;es et c&rsquo;est le juge qui appr&eacute;ciera.</span></span></span></span></p>\r\n\r\n<p style=\"margin-left:0cm; margin-right:0cm; text-align:justify\"><span style=\"font-size:11pt\"><span style=\"font-family:&quot;Calibri&quot;,sans-serif\"><span style=\"font-size:10.0pt\"><span style=\"font-family:&quot;Bookman Old Style&quot;,serif\">Le m&eacute;decin expert doit donc bien connaitre et pouvoir expliquer les diff&eacute;rentes l&eacute;sions particuli&egrave;res.</span></span></span></span></p>\r\n\r\n<p style=\"margin-left:0cm; margin-right:0cm; text-align:justify\"><span style=\"font-size:11pt\"><span style=\"font-family:&quot;Calibri&quot;,sans-serif\"><span style=\"font-size:10.0pt\"><span style=\"font-family:&quot;Bookman Old Style&quot;,serif\">Exemple&nbsp;: les l&eacute;sions par&nbsp;:</span></span></span></span></p>\r\n\r\n<ol>\r\n	<li style=\"list-style-type:none\">\r\n	<ul>\r\n		<li style=\"list-style-type:none\">\r\n		<ul style=\"list-style-type:square\">\r\n			<li style=\"text-align:justify\"><span style=\"font-size:11pt\"><span style=\"font-family:&quot;Calibri&quot;,sans-serif\"><span style=\"font-size:10.0pt\"><span style=\"font-family:&quot;Bookman Old Style&quot;,serif\">Arme &agrave; feu</span></span></span></span></li>\r\n			<li style=\"text-align:justify\"><span style=\"font-size:11pt\"><span style=\"font-family:&quot;Calibri&quot;,sans-serif\"><span style=\"font-size:10.0pt\"><span style=\"font-family:&quot;Bookman Old Style&quot;,serif\">Chaleur</span></span></span></span></li>\r\n			<li style=\"text-align:justify\"><span style=\"font-size:11pt\"><span style=\"font-family:&quot;Calibri&quot;,sans-serif\"><span style=\"font-size:10.0pt\"><span style=\"font-family:&quot;Bookman Old Style&quot;,serif\">Froid</span></span></span></span></li>\r\n		</ul>\r\n		</li>\r\n	</ul>\r\n	</li>\r\n	<li style=\"text-align:justify\"><span style=\"font-size:11pt\"><span style=\"font-family:&quot;Calibri&quot;,sans-serif\"><strong><span style=\"font-size:10.0pt\"><span style=\"font-family:&quot;Bookman Old Style&quot;,serif\">Violences asphyxiantes</span></span></strong></span></span></li>\r\n</ol>\r\n\r\n<p style=\"margin-left:0cm; margin-right:0cm; text-align:justify\"><span style=\"font-size:11pt\"><span style=\"font-family:&quot;Calibri&quot;,sans-serif\"><span style=\"font-size:10.0pt\"><span style=\"font-family:&quot;Bookman Old Style&quot;,serif\">Lorsqu&rsquo;il s&rsquo;agit de violences qui peuvent conduire &agrave; la mort par asphyxie de l&rsquo;individu violent&eacute;&nbsp;; le m&eacute;decin expert est d&rsquo;un secours inexprimable au magistrat qui attend de lui des &eacute;claircissements pr&eacute;cis pour d&eacute;terminer la forme de la violence asphyxiante.</span></span></span></span></p>\r\n\r\n<p style=\"margin-left:0cm; margin-right:0cm; text-align:justify\"><span style=\"font-size:11pt\"><span style=\"font-family:&quot;Calibri&quot;,sans-serif\"><span style=\"font-size:10.0pt\"><span style=\"font-family:&quot;Bookman Old Style&quot;,serif\">Il peut s&rsquo;agir d&rsquo;une pendaison et la pendaison peut &ecirc;tre&nbsp;:</span></span></span></span></p>\r\n\r\n<ul>\r\n	<li style=\"text-align:justify\"><span style=\"font-size:11pt\"><span style=\"font-family:&quot;Calibri&quot;,sans-serif\"><span style=\"font-size:10.0pt\"><span style=\"font-family:&quot;Bookman Old Style&quot;,serif\">Suicidaire</span></span></span></span></li>\r\n	<li style=\"text-align:justify\"><span style=\"font-size:11pt\"><span style=\"font-family:&quot;Calibri&quot;,sans-serif\"><span style=\"font-size:10.0pt\"><span style=\"font-family:&quot;Bookman Old Style&quot;,serif\">Criminelle</span></span></span></span></li>\r\n	<li style=\"text-align:justify\"><span style=\"font-size:11pt\"><span style=\"font-family:&quot;Calibri&quot;,sans-serif\"><span style=\"font-size:10.0pt\"><span style=\"font-family:&quot;Bookman Old Style&quot;,serif\">Accidentelle</span></span></span></span></li>\r\n</ul>\r\n\r\n<p style=\"margin-left:0cm; margin-right:0cm; text-align:justify\"><span style=\"font-size:11pt\"><span style=\"font-family:&quot;Calibri&quot;,sans-serif\"><span style=\"font-size:10.0pt\"><span style=\"font-family:&quot;Bookman Old Style&quot;,serif\">La violence peut &ecirc;tre soit une&nbsp;:</span></span></span></span></p>\r\n\r\n<ul>\r\n	<li style=\"text-align:justify\"><span style=\"font-size:11pt\"><span style=\"font-family:&quot;Calibri&quot;,sans-serif\"><span style=\"font-size:10.0pt\"><span style=\"font-family:&quot;Bookman Old Style&quot;,serif\">Suffocation</span></span></span></span></li>\r\n	<li style=\"text-align:justify\"><span style=\"font-size:11pt\"><span style=\"font-family:&quot;Calibri&quot;,sans-serif\"><span style=\"font-size:10.0pt\"><span style=\"font-family:&quot;Bookman Old Style&quot;,serif\">Strangulation</span></span></span></span></li>\r\n	<li style=\"text-align:justify\"><span style=\"font-size:11pt\"><span style=\"font-family:&quot;Calibri&quot;,sans-serif\"><span style=\"font-size:10.0pt\"><span style=\"font-family:&quot;Bookman Old Style&quot;,serif\">Submersion</span></span></span></span></li>\r\n	<li style=\"text-align:justify\"><span style=\"font-size:11pt\"><span style=\"font-family:&quot;Calibri&quot;,sans-serif\"><span style=\"font-size:10.0pt\"><span style=\"font-family:&quot;Bookman Old Style&quot;,serif\">Pendaison</span></span></span></span></li>\r\n</ul>\r\n\r\n<p style=\"margin-left:0cm; margin-right:0cm; text-align:justify\"><span style=\"font-size:11pt\"><span style=\"font-family:&quot;Calibri&quot;,sans-serif\"><span style=\"font-size:10.0pt\"><span style=\"font-family:&quot;Bookman Old Style&quot;,serif\">C&rsquo;est pourquoi l&rsquo;expert doit &ecirc;tre parfaitement au courant de la physiopathologie de l&rsquo;asphyxie, de ces signes et de son &eacute;volution dans le temps.</span></span></span></span></p>\r\n\r\n<ol start=\"3\">\r\n	<li style=\"text-align:justify\"><span style=\"font-size:11pt\"><span style=\"font-family:&quot;Calibri&quot;,sans-serif\"><strong><span style=\"font-size:10.0pt\"><span style=\"font-family:&quot;Bookman Old Style&quot;,serif\">M&eacute;decine l&eacute;gale sexuelle</span></span></strong></span></span></li>\r\n</ol>\r\n\r\n<p style=\"margin-left:0cm; margin-right:0cm; text-align:justify\"><span style=\"font-size:11pt\"><span style=\"font-family:&quot;Calibri&quot;,sans-serif\"><span style=\"font-size:10.0pt\"><span style=\"font-family:&quot;Bookman Old Style&quot;,serif\">Plusieurs aspects de la vie sexuelle conduisent les magistrats &agrave; se faire &eacute;clairer par le m&eacute;decin lorsqu&rsquo;il a &agrave; trancher les litiges ayant trait aux probl&egrave;mes sexuels.</span></span></span></span></p>\r\n\r\n<p style=\"margin-left:0cm; margin-right:0cm; text-align:justify\"><span style=\"font-size:11pt\"><span style=\"font-family:&quot;Calibri&quot;,sans-serif\"><span style=\"font-size:10.0pt\"><span style=\"font-family:&quot;Bookman Old Style&quot;,serif\">Il fera appel au m&eacute;decin en cas de viol, afin que celui-ci puisse &eacute;tablir si les &eacute;l&eacute;ments physiques constitutifs du viol tels que d&eacute;finis juridiquement sont r&eacute;unis.</span></span></span></span></p>\r\n\r\n<p style=\"margin-left:0cm; margin-right:0cm; text-align:justify\"><span style=\"font-size:11pt\"><span style=\"font-family:&quot;Calibri&quot;,sans-serif\"><span style=\"font-size:10.0pt\"><span style=\"font-family:&quot;Bookman Old Style&quot;,serif\">Quand un juge est appel&eacute; &agrave; prononcer la nullit&eacute; du mariage et fait appel au m&eacute;decin pour se faire &eacute;clairer sur diverses raisons d&rsquo;ordre m&eacute;dical comme&nbsp;:</span></span></span></span></p>\r\n\r\n<ul>\r\n	<li style=\"text-align:justify\"><span style=\"font-size:11pt\"><span style=\"font-family:&quot;Calibri&quot;,sans-serif\"><span style=\"font-size:10.0pt\"><span style=\"font-family:&quot;Bookman Old Style&quot;,serif\">Impuissance sexuelle&nbsp;;</span></span></span></span></li>\r\n	<li style=\"text-align:justify\"><span style=\"font-size:11pt\"><span style=\"font-family:&quot;Calibri&quot;,sans-serif\"><span style=\"font-size:10.0pt\"><span style=\"font-family:&quot;Bookman Old Style&quot;,serif\">Troubles mentaux au moment du mariage&nbsp;;</span></span></span></span></li>\r\n	<li style=\"text-align:justify\"><span style=\"font-size:11pt\"><span style=\"font-family:&quot;Calibri&quot;,sans-serif\"><span style=\"font-size:10.0pt\"><span style=\"font-family:&quot;Bookman Old Style&quot;,serif\">Et autres qui peuvent faire penser la nullit&eacute; du mariage. </span></span></span></span></li>\r\n</ul>\r\n\r\n<p style=\"margin-left:0cm; margin-right:0cm; text-align:justify\"><span style=\"font-size:11pt\"><span style=\"font-family:&quot;Calibri&quot;,sans-serif\"><span style=\"font-size:10.0pt\"><span style=\"font-family:&quot;Bookman Old Style&quot;,serif\">Le m&eacute;decin peut encore &eacute;clairer le juge dans le cas de prononciation de divorce notamment lorsqu&rsquo;il s&rsquo;agit de prouver l&rsquo;adult&egrave;re en cas de protestation de paternit&eacute;.</span></span></span></span></p>\r\n\r\n<p style=\"margin-left:0cm; margin-right:0cm; text-align:justify\"><span style=\"font-size:11pt\"><span style=\"font-family:&quot;Calibri&quot;,sans-serif\"><span style=\"font-size:10.0pt\"><span style=\"font-family:&quot;Bookman Old Style&quot;,serif\">Il peut &ecirc;tre requis &nbsp;par un magistrat en cas d&rsquo;avortement criminel pour &eacute;tablir qu&rsquo;il y a eu effectivement &nbsp;avortement. D&eacute;terminer les moyens abortifs utilis&eacute;s et &eacute;ventuellement les cons&eacute;quences d&eacute;coulant des man&oelig;uvres abortives.</span></span></span></span></p>\r\n\r\n<ul>\r\n	<li style=\"text-align:justify\"><span style=\"font-size:11pt\"><span style=\"font-family:&quot;Calibri&quot;,sans-serif\"><span style=\"font-size:10.0pt\"><span style=\"font-family:&quot;Bookman Old Style&quot;,serif\">Le&nbsp;&nbsp; diagnostic de la grossesse peut &ecirc;tre demand&eacute; au m&eacute;decin en mati&egrave;re p&eacute;nale, civile ou m&ecirc;me en mati&egrave;re administrative.</span></span></span></span></li>\r\n</ul>\r\n\r\n<p style=\"margin-left:0cm; margin-right:0cm; text-align:justify\"><span style=\"font-size:11pt\"><span style=\"font-family:&quot;Calibri&quot;,sans-serif\"><span style=\"font-size:10.0pt\"><span style=\"font-family:&quot;Bookman Old Style&quot;,serif\">Exemple&nbsp;:</span></span></span></span></p>\r\n\r\n<ul>\r\n	<li style=\"text-align:justify\"><span style=\"font-size:11pt\"><span style=\"font-family:&quot;Calibri&quot;,sans-serif\"><span style=\"font-size:10.0pt\"><span style=\"font-family:&quot;Bookman Old Style&quot;,serif\">Mati&egrave;re p&eacute;nale&nbsp;: si la grossesse d&eacute;coule d&rsquo;un viol.</span></span></span></span></li>\r\n	<li style=\"text-align:justify\"><span style=\"font-size:11pt\"><span style=\"font-family:&quot;Calibri&quot;,sans-serif\"><span style=\"font-size:10.0pt\"><span style=\"font-family:&quot;Bookman Old Style&quot;,serif\">Mati&egrave;re civile&nbsp;: pour un homme qui n&rsquo;a pas eu d&rsquo;enfant mais la femme veut se d&eacute;barrasser de cette grossesse qui est pourtant utile pour le mari.</span></span></span></span></li>\r\n	<li style=\"text-align:justify\"><span style=\"font-size:11pt\"><span style=\"font-family:&quot;Calibri&quot;,sans-serif\"><span style=\"font-size:10.0pt\"><span style=\"font-family:&quot;Bookman Old Style&quot;,serif\">Mati&egrave;re administrative&nbsp;: ex&nbsp;: en cas de cong&eacute; professionnel</span></span></span></span></li>\r\n</ul>\r\n\r\n<ul>\r\n	<li style=\"text-align:justify\"><span style=\"font-size:11pt\"><span style=\"font-family:&quot;Calibri&quot;,sans-serif\"><span style=\"font-size:10.0pt\"><span style=\"font-family:&quot;Bookman Old Style&quot;,serif\">La m&eacute;decine l&eacute;gale intervient aussi dans le droit pour des probl&egrave;mes ayant trait au sexe.</span></span></span></span></li>\r\n</ul>\r\n\r\n<p style=\"margin-left:0cm; margin-right:0cm; text-align:justify\"><span style=\"font-size:11pt\"><span style=\"font-family:&quot;Calibri&quot;,sans-serif\"><span style=\"font-size:10.0pt\"><span style=\"font-family:&quot;Bookman Old Style&quot;,serif\">Exemple&nbsp;:</span></span></span></span></p>\r\n\r\n<ul>\r\n	<li style=\"text-align:justify\"><span style=\"font-size:11pt\"><span style=\"font-family:&quot;Calibri&quot;,sans-serif\"><span style=\"font-size:10.0pt\"><span style=\"font-family:&quot;Bookman Old Style&quot;,serif\">Attentat aux m&oelig;urs</span></span></span></span></li>\r\n	<li style=\"text-align:justify\"><span style=\"font-size:11pt\"><span style=\"font-family:&quot;Calibri&quot;,sans-serif\"><span style=\"font-size:10.0pt\"><span style=\"font-family:&quot;Bookman Old Style&quot;,serif\">Identification de sexe</span></span></span></span></li>\r\n	<li style=\"text-align:justify\"><span style=\"font-size:11pt\"><span style=\"font-family:&quot;Calibri&quot;,sans-serif\"><span style=\"font-size:10.0pt\"><span style=\"font-family:&quot;Bookman Old Style&quot;,serif\">Condition d&rsquo;adoption et probl&egrave;me de conception.</span></span></span></span></li>\r\n</ul>\r\n\r\n<ol start=\"4\">\r\n	<li style=\"text-align:justify\"><span style=\"font-size:11pt\"><span style=\"font-family:&quot;Calibri&quot;,sans-serif\"><strong><span style=\"font-size:10.0pt\"><span style=\"font-family:&quot;Bookman Old Style&quot;,serif\">Psychiatrie m&eacute;dico-l&eacute;gale</span></span></strong></span></span></li>\r\n</ol>\r\n\r\n<p style=\"margin-left:0cm; margin-right:0cm; text-align:justify\"><span style=\"font-size:11pt\"><span style=\"font-family:&quot;Calibri&quot;,sans-serif\"><span style=\"font-size:10.0pt\"><span style=\"font-family:&quot;Bookman Old Style&quot;,serif\">Les organes de la loi dans le cadre de la dispensation de la justice recourent actuellement tr&egrave;s souvent &agrave; la m&eacute;decine, plus pr&eacute;cis&eacute;ment &agrave; la psychiatrie lorsqu&rsquo;il s&rsquo;agit de criminologie, par exemple mise en relation avec la pathologie &nbsp;mentale de l&rsquo;individu ou de la soci&eacute;t&eacute;. C&rsquo;est le cas de la d&eacute;linquance de l&rsquo;enfant et de l&rsquo;adolescent, certains types de d&eacute;linquances d&rsquo;adulte et de d&eacute;linquances des ali&eacute;n&eacute;s.</span></span></span></span></p>\r\n\r\n<p style=\"margin-left:0cm; margin-right:0cm; text-align:justify\"><span style=\"font-size:11pt\"><span style=\"font-family:&quot;Calibri&quot;,sans-serif\"><span style=\"font-size:10.0pt\"><span style=\"font-family:&quot;Bookman Old Style&quot;,serif\">En ce qui concerne le jugement des enfants, il existe des tribunaux sp&eacute;ciaux pr&eacute;sid&eacute;s par les juges.</span></span></span></span></p>\r\n\r\n<p style=\"margin-left:0cm; margin-right:0cm; text-align:justify\"><span style=\"font-size:11pt\"><span style=\"font-family:&quot;Calibri&quot;,sans-serif\"><span style=\"font-size:10.0pt\"><span style=\"font-family:&quot;Bookman Old Style&quot;,serif\">La criminologie diff&eacute;rencie les criminels en divers cat&eacute;gories&nbsp;:</span></span></span></span></p>\r\n\r\n<ol style=\"list-style-type:lower-alpha\">\r\n	<li style=\"text-align:justify\"><span style=\"font-size:11pt\"><span style=\"font-family:&quot;Calibri&quot;,sans-serif\"><span style=\"font-size:10.0pt\"><span style=\"font-family:&quot;Bookman Old Style&quot;,serif\">Groupe de criminel o&ugrave; l&rsquo;on peut retrouver un chef intelligent et pervers d&eacute;signant des ex&eacute;cutants arri&eacute;r&eacute;s ou d&eacute;biles.</span></span></span></span></li>\r\n	<li style=\"text-align:justify\"><span style=\"font-size:11pt\"><span style=\"font-family:&quot;Calibri&quot;,sans-serif\"><span style=\"font-size:10.0pt\"><span style=\"font-family:&quot;Bookman Old Style&quot;,serif\">D&eacute;linquant inadapt&eacute; dont la gen&egrave;se de l&rsquo;inadaptation peut &ecirc;tre rattach&eacute;e &agrave; des tendances caract&eacute;rielles antisociales soit &agrave; d&eacute;sordre biologique&nbsp;: anomalie nerveuse &eacute;pileptiques. Soit encore &agrave; une r&eacute;action devant des graves conflits d&rsquo;ordre familial, d&rsquo;ordre social.</span></span></span></span></li>\r\n	<li style=\"text-align:justify\"><span style=\"font-size:11pt\"><span style=\"font-family:&quot;Calibri&quot;,sans-serif\"><span style=\"font-size:10.0pt\"><span style=\"font-family:&quot;Bookman Old Style&quot;,serif\">D&eacute;linquant passionnel dont le crime est unique et bas&eacute; sur des mouvements affectifs. Ex&nbsp;: en cas d&rsquo;adult&egrave;re, rivalit&eacute;.</span></span></span></span></li>\r\n	<li style=\"text-align:justify\"><span style=\"font-size:11pt\"><span style=\"font-family:&quot;Calibri&quot;,sans-serif\"><span style=\"font-size:10.0pt\"><span style=\"font-family:&quot;Bookman Old Style&quot;,serif\">D&eacute;linquant occasionnel dont les tendances caract&eacute;rielles constitutionnelles ou acquises favorisent une expression criminelle.</span></span></span></span></li>\r\n</ol>\r\n\r\n<p style=\"margin-left:0cm; margin-right:0cm; text-align:justify\"><span style=\"font-size:11pt\"><span style=\"font-family:&quot;Calibri&quot;,sans-serif\"><span style=\"font-size:10.0pt\"><span style=\"font-family:&quot;Bookman Old Style&quot;,serif\">Les probl&egrave;mes judiciaires que posent ces diff&eacute;rentes formes de d&eacute;linquances sont diff&eacute;rents.</span></span></span></span></p>\r\n\r\n<p style=\"margin-left:0cm; margin-right:0cm; text-align:justify\"><span style=\"font-size:11pt\"><span style=\"font-family:&quot;Calibri&quot;,sans-serif\"><span style=\"font-size:10.0pt\"><span style=\"font-family:&quot;Bookman Old Style&quot;,serif\">Le juge dans son appr&eacute;ciation du degr&eacute; de responsabilit&eacute; se fait &eacute;clairer par l&rsquo;expertise m&eacute;dico-l&eacute;gale qui, en g&eacute;n&eacute;rale a comme objectif principal d&rsquo;estimer si oui ou non l&rsquo;anomalie psychiatrique justifie le crime.</span></span></span></span></p>\r\n\r\n<p style=\"margin-left:0cm; margin-right:0cm; text-align:justify\"><span style=\"font-size:11pt\"><span style=\"font-family:&quot;Calibri&quot;,sans-serif\"><span style=\"font-size:10.0pt\"><span style=\"font-family:&quot;Bookman Old Style&quot;,serif\">La d&eacute;linquance des ali&eacute;n&eacute;s est-elle une des situations ou la d&eacute;cision du juge est sous tendu par l&rsquo;expertise m&eacute;dico-l&eacute;gale.</span></span></span></span></p>\r\n\r\n<p style=\"margin-left:0cm; margin-right:0cm; text-align:justify\"><span style=\"font-size:11pt\"><span style=\"font-family:&quot;Calibri&quot;,sans-serif\"><span style=\"font-size:10.0pt\"><span style=\"font-family:&quot;Bookman Old Style&quot;,serif\">Les codes p&eacute;naux de plusieurs pays, pr&eacute;voient qu&rsquo;il n&rsquo;y a ni crime ni d&eacute;lit si le pr&eacute;venu &eacute;tait en &eacute;tat de d&eacute;mence au moment de l&rsquo;action ou lorsqu&rsquo;elle a &eacute;t&eacute; contrainte par une &nbsp;forme &agrave; laquelle il n&rsquo;a pas pu r&eacute;sister.</span></span></span></span></p>\r\n\r\n<p style=\"margin-left:0cm; margin-right:0cm; text-align:justify\"><span style=\"font-size:11pt\"><span style=\"font-family:&quot;Calibri&quot;,sans-serif\"><span style=\"font-size:10.0pt\"><span style=\"font-family:&quot;Bookman Old Style&quot;,serif\">L&rsquo;expertise m&eacute;dico-l&eacute;gale dans de tel cas de d&eacute;linquance est centr&eacute;e sur la notion de d&eacute;mence qui, en droit n&rsquo;a pas le m&ecirc;me sens qu&rsquo;en psychiatrie.</span></span></span></span></p>\r\n\r\n<p style=\"margin-left:0cm; margin-right:0cm; text-align:justify\"><span style=\"font-size:11pt\"><span style=\"font-family:&quot;Calibri&quot;,sans-serif\"><span style=\"font-size:10.0pt\"><span style=\"font-family:&quot;Bookman Old Style&quot;,serif\">L&rsquo;expert doit pouvoir d&eacute;montrer si le d&eacute;linquant &eacute;tait pleinement en possession de ses facult&eacute;s mentales, sinon &eacute;tat psychique justifiait le terme de d&eacute;mence ou s&rsquo;il existe des circonstances alternantes d&rsquo;origine psychiatrique.</span></span></span></span></p>\r\n\r\n<p style=\"margin-left:0cm; margin-right:0cm; text-align:justify\"><span style=\"font-size:11pt\"><span style=\"font-family:&quot;Calibri&quot;,sans-serif\"><span style=\"font-size:10.0pt\"><span style=\"font-family:&quot;Bookman Old Style&quot;,serif\">NB: La cause anatomique est probable&nbsp;; peut ou ne pas &ecirc;tre vrai.</span></span></span></span></p>\r\n\r\n<p style=\"margin-left:0cm; margin-right:0cm; text-align:justify\"><span style=\"font-size:11pt\"><span style=\"font-family:&quot;Calibri&quot;,sans-serif\"><span style=\"font-size:10.0pt\"><span style=\"font-family:&quot;Bookman Old Style&quot;,serif\">Les examens psychiatriques m&eacute;dico-l&eacute;gaux permettent donc au juge d&rsquo;&eacute;tablir si la responsabilit&eacute; du pr&eacute;venu est enti&egrave;re, nulle ou att&eacute;nu&eacute; en fonction de sa sant&eacute; mentale.</span></span></span></span></p>\r\n\r\n<p style=\"margin-left:0cm; margin-right:0cm; text-align:justify\"><span style=\"font-size:11pt\"><span style=\"font-family:&quot;Calibri&quot;,sans-serif\"><span style=\"font-size:10.0pt\"><span style=\"font-family:&quot;Bookman Old Style&quot;,serif\">Ceci &eacute;voque la notion de responsabilit&eacute; sans faute que le juge doit trancher et il a n&eacute;cessairement besoin d&rsquo;une bonne expertise m&eacute;dico-psychiatrique. La psychiatrie m&eacute;dico-l&eacute;gale est aussi un guide indispensable pour le dispensateur de la justice, car elle lui permet de trancher des probl&egrave;mes d&rsquo;interdiction, d&rsquo;&eacute;tablissement de responsabilit&eacute; et/ou p&eacute;nal de pr&eacute;venu ali&eacute;n&eacute; et d&rsquo;appliquer ainsi de fa&ccedil;on &eacute;clairer la loi de la d&eacute;fense sociale.</span></span></span></span></p>\r\n\r\n<ol start=\"5\">\r\n	<li style=\"text-align:justify\"><span style=\"font-size:11pt\"><span style=\"font-family:&quot;Calibri&quot;,sans-serif\"><strong><span style=\"font-size:10.0pt\"><span style=\"font-family:&quot;Bookman Old Style&quot;,serif\">Toxicologie m&eacute;dico-l&eacute;gale</span></span></strong></span></span></li>\r\n</ol>\r\n\r\n<p style=\"margin-left:0cm; margin-right:0cm; text-align:justify\"><span style=\"font-size:11pt\"><span style=\"font-family:&quot;Calibri&quot;,sans-serif\"><span style=\"font-size:10.0pt\"><span style=\"font-family:&quot;Bookman Old Style&quot;,serif\">S&rsquo;est limit&eacute;e longtemps &agrave; l&rsquo;&eacute;tude des empoisonnements criminels. Le code p&eacute;nal de plusieurs pays qualifie d&rsquo;empoisonnement tout attentat &agrave; la vie d&rsquo;une personne par le fait des substances qui peuvent donner la mort &nbsp;plus ou moins promptement de quelque mani&egrave;re que cette substance ait &eacute;t&eacute; employ&eacute;e ou administr&eacute;e et qu&rsquo;elle en ait &eacute;t&eacute; la suite.</span></span></span></span></p>\r\n\r\n<p style=\"margin-left:0cm; margin-right:0cm; text-align:justify\"><span style=\"font-size:11pt\"><span style=\"font-family:&quot;Calibri&quot;,sans-serif\"><span style=\"font-size:10.0pt\"><span style=\"font-family:&quot;Bookman Old Style&quot;,serif\">Sont aussi sanctionn&eacute;s&nbsp;:</span></span></span></span></p>\r\n\r\n<ul>\r\n	<li style=\"text-align:justify\"><span style=\"font-size:11pt\"><span style=\"font-family:&quot;Calibri&quot;,sans-serif\"><span style=\"font-size:10.0pt\"><span style=\"font-family:&quot;Bookman Old Style&quot;,serif\">Administration volontaire de produit ou substance qui, sans &ecirc;tre n&eacute;cessairement de nature &agrave; entrainer la mort sont nuisibles &agrave; la sant&eacute;.</span></span></span></span></li>\r\n	<li style=\"text-align:justify\"><span style=\"font-size:11pt\"><span style=\"font-family:&quot;Calibri&quot;,sans-serif\"><span style=\"font-size:10.0pt\"><span style=\"font-family:&quot;Bookman Old Style&quot;,serif\">Les intoxications involontaires provoqu&eacute;es consid&eacute;rer comme homicides par imprudence. La plupart des poursuites judiciaires des m&eacute;decins et leurs auxiliaires &nbsp;et les pharmaciens suite &agrave; des accidents th&eacute;rapeutiques entre dans ce deuxieme groupe.</span></span></span></span></li>\r\n</ul>\r\n\r\n<p style=\"margin-left:0cm; margin-right:0cm; text-align:justify\"><span style=\"font-size:11pt\"><span style=\"font-family:&quot;Calibri&quot;,sans-serif\"><span style=\"font-size:10.0pt\"><span style=\"font-family:&quot;Bookman Old Style&quot;,serif\">Les intoxications particuli&egrave;res &agrave; la pathologie professionnelle &eacute;tant pr&eacute;vues par une l&eacute;gislation particuli&egrave;re et les cons&eacute;quences qui en d&eacute;coulent rel&egrave;vent essentiellement de la r&eacute;partition et du reclassement et ces r&egrave;gles en g&eacute;n&eacute;ral &agrave; travers&nbsp; les organismes de s&eacute;curit&eacute; sociale et d&rsquo;assurance qui eux aussi font appel &agrave; la m&eacute;decine, plus particuli&egrave;rement la m&eacute;decine du travail. </span></span></span></span></p>\r\n\r\n<ol start=\"6\">\r\n	<li style=\"text-align:justify\"><span style=\"font-size:11pt\"><span style=\"font-family:&quot;Calibri&quot;,sans-serif\"><strong><span style=\"font-size:10.0pt\"><span style=\"font-family:&quot;Bookman Old Style&quot;,serif\">La thanatologie m&eacute;dico-l&eacute;gale</span></span></strong></span></span></li>\r\n</ol>\r\n\r\n<p style=\"margin-left:0cm; margin-right:0cm; text-align:justify\"><span style=\"font-size:11pt\"><span style=\"font-family:&quot;Calibri&quot;,sans-serif\"><span style=\"font-size:10.0pt\"><span style=\"font-family:&quot;Bookman Old Style&quot;,serif\">Lorsqu&rsquo;il s&rsquo;agit de mort suspect, violente, soudaine le magistrat a plus que jamais besoin de la lumi&egrave;re de la m&eacute;decine. La thanatologie m&eacute;dico-l&eacute;gale peut faire rappel aux autres domaines m&eacute;dicaux l&eacute;gaux et les int&eacute;grer afin de r&eacute;pondre aux objectifs d&rsquo;une expertise m&eacute;dico-l&eacute;gale.</span></span></span></span></p>\r\n\r\n<p style=\"margin-left:0cm; margin-right:0cm; text-align:justify\"><span style=\"font-size:11pt\"><span style=\"font-family:&quot;Calibri&quot;,sans-serif\"><span style=\"font-size:10.0pt\"><span style=\"font-family:&quot;Bookman Old Style&quot;,serif\">Elle fait aussi appel aux connaissances de la pathologie ou de l&rsquo;Anatomie Pathologie tant microscopique que macroscopique. Le magistrat attend du m&eacute;decin expert des &eacute;claircissements pr&eacute;cis qui peuvent se r&eacute;sumer en 4 questions&nbsp;:</span></span></span></span></p>\r\n\r\n<ul>\r\n	<li style=\"text-align:justify\"><span style=\"font-size:11pt\"><span style=\"font-family:&quot;Calibri&quot;,sans-serif\"><span style=\"font-size:10.0pt\"><span style=\"font-family:&quot;Bookman Old Style&quot;,serif\">Y a-t-il effectivement mort&nbsp;?</span></span></span></span></li>\r\n	<li style=\"text-align:justify\"><span style=\"font-size:11pt\"><span style=\"font-family:&quot;Calibri&quot;,sans-serif\"><span style=\"font-size:10.0pt\"><span style=\"font-family:&quot;Bookman Old Style&quot;,serif\">Quelles en sont les causes&nbsp;?</span></span></span></span></li>\r\n	<li style=\"text-align:justify\"><span style=\"font-size:11pt\"><span style=\"font-family:&quot;Calibri&quot;,sans-serif\"><span style=\"font-size:10.0pt\"><span style=\"font-family:&quot;Bookman Old Style&quot;,serif\">A quelle heure est-elle survenue&nbsp;?</span></span></span></span></li>\r\n	<li style=\"text-align:justify\"><span style=\"font-size:11pt\"><span style=\"font-family:&quot;Calibri&quot;,sans-serif\"><span style=\"font-size:10.0pt\"><span style=\"font-family:&quot;Bookman Old Style&quot;,serif\">Comment est-elle survenue&nbsp;?</span></span></span></span></li>\r\n</ul>\r\n\r\n<p style=\"margin-left:0cm; margin-right:0cm; text-align:justify\"><span style=\"font-size:11pt\"><span style=\"font-family:&quot;Calibri&quot;,sans-serif\"><span style=\"font-size:10.0pt\"><span style=\"font-family:&quot;Bookman Old Style&quot;,serif\">Pour l&rsquo;&eacute;tude de la mort, pour la recherche de ces causes, apparentes, l&rsquo;autopsie reste la m&eacute;thode de choix et premi&egrave;re m&eacute;thode irrempla&ccedil;able, quelle que soit la pratique &agrave; destin judiciaire pour d&eacute;terminer les causes et circonstances de mort violence ou soudaine o&ugrave; qu&rsquo;elle le soit &agrave; destin scientifique pour rechercher et pr&eacute;ciser les &eacute;tats morbides responsables de la mort.</span></span></span></span></p>\r\n\r\n<p style=\"margin-left:0cm; margin-right:0cm; text-align:justify\"><span style=\"font-size:11pt\"><span style=\"font-family:&quot;Calibri&quot;,sans-serif\"><span style=\"font-size:10.0pt\"><span style=\"font-family:&quot;Bookman Old Style&quot;,serif\">C&rsquo;est pourquoi les autopsies m&eacute;dico-l&eacute;gales &agrave; cause de leurs indications plus lourdes doivent &ecirc;tre confi&eacute;es &agrave; un expert dot&eacute; d&rsquo;une expertise anatomo-pathologique et doivent toujours &ecirc;tre compl&eacute;t&eacute;s par un examen histopathologie.</span></span></span></span></p>\r\n\r\n<ol start=\"7\">\r\n	<li style=\"text-align:justify\"><span style=\"font-size:11pt\"><span style=\"font-family:&quot;Calibri&quot;,sans-serif\"><strong><span style=\"font-size:10.0pt\"><span style=\"font-family:&quot;Bookman Old Style&quot;,serif\">Identification judiciaire</span></span></strong></span></span></li>\r\n</ol>\r\n\r\n<p style=\"margin-left:0cm; margin-right:0cm; text-align:justify\"><span style=\"font-size:11pt\"><span style=\"font-family:&quot;Calibri&quot;,sans-serif\"><span style=\"font-size:10.0pt\"><span style=\"font-family:&quot;Bookman Old Style&quot;,serif\">L&rsquo;identification m&eacute;dico-l&eacute;gale est un domaine tr&egrave;s important de la m&eacute;dicine-l&eacute;gale judiciaire, traditionnellement, elle &eacute;tait limit&eacute;e aux crimes mais son importance &eacute;tendue avec la fr&eacute;quence des accidents aboutissant &agrave; la carbonisation, rare &agrave; la destruction quasi-compl&egrave;te du cadavre.</span></span></span></span></p>\r\n\r\n<p style=\"margin-left:0cm; margin-right:0cm; text-align:justify\"><span style=\"font-size:11pt\"><span style=\"font-family:&quot;Calibri&quot;,sans-serif\"><span style=\"font-size:10.0pt\"><span style=\"font-family:&quot;Bookman Old Style&quot;,serif\">En plus de l&rsquo;exposition du cadavre, la m&eacute;decine moderne a introduit les m&eacute;thodes nouvelles pour identifier les individus&nbsp;; c&rsquo;est par exemple anthropom&eacute;trie, les empreintes digitales, hybridation de l&rsquo;ADN.</span></span></span></span></p>\r\n\r\n<p style=\"margin-left:0cm; margin-right:0cm; text-align:justify\"><span style=\"font-size:11pt\"><span style=\"font-family:&quot;Calibri&quot;,sans-serif\"><span style=\"font-size:10.0pt\"><span style=\"font-family:&quot;Bookman Old Style&quot;,serif\">La m&eacute;decine moderne recours aussi &agrave; l&rsquo;identification des traces comme traces de sang, le sperme, urine, de salive, des mati&egrave;res f&eacute;cales etc.</span></span></span></span></p>\r\n\r\n<p style=\"margin-left:0cm; margin-right:0cm; text-align:justify\">&nbsp;</p>\r\n\r\n<p style=\"margin-left:0cm; margin-right:0cm; text-align:justify\">&nbsp;</p>\r\n\r\n<ol start=\"8\">\r\n	<li style=\"text-align:justify\"><span style=\"font-size:11pt\"><span style=\"font-family:&quot;Calibri&quot;,sans-serif\"><strong><span style=\"font-size:10.0pt\"><span style=\"font-family:&quot;Bookman Old Style&quot;,serif\">Conclusion</span></span></strong></span></span></li>\r\n</ol>\r\n\r\n<p style=\"margin-left:0cm; margin-right:0cm; text-align:justify\"><span style=\"font-size:11pt\"><span style=\"font-family:&quot;Calibri&quot;,sans-serif\"><span style=\"font-size:10.0pt\"><span style=\"font-family:&quot;Bookman Old Style&quot;,serif\">Tels que sont comm&eacute;r&egrave;rent pr&eacute;sent&eacute;s, les interventions du droit dans les domaines principaux de la m&eacute;decine, l&rsquo;expert r&eacute;acquis doit r&eacute;pondre &agrave; des questions pr&eacute;cis&eacute;es par les magistrats. Ces interventions du droit dans le domaine m&eacute;dical et vis versa constituent pour le m&eacute;decin la m&eacute;decine l&eacute;gale et pour le juriste le droit l&eacute;gal.</span></span></span></span></p>\r\n\r\n<p style=\"margin-left:0cm; margin-right:0cm; text-align:justify\"><span style=\"font-size:11pt\"><span style=\"font-family:&quot;Calibri&quot;,sans-serif\"><span style=\"font-size:10.0pt\"><span style=\"font-family:&quot;Bookman Old Style&quot;,serif\">Il ressort de tout ce qui a &eacute;t&eacute; dit face au droit le m&eacute;decin dans sa pratique m&eacute;dicale quotidienne s&rsquo;aper&ccedil;oit souvent tard &agrave; son d&eacute;triment qu&rsquo;il &eacute;volue constamment dans un champ min&eacute; et pi&eacute;g&eacute; par la loi.</span></span></span></span></p>\r\n\r\n<p style=\"margin-left:0cm; margin-right:0cm; text-align:justify\"><span style=\"font-size:11pt\"><span style=\"font-family:&quot;Calibri&quot;,sans-serif\"><span style=\"font-size:10.0pt\"><span style=\"font-family:&quot;Bookman Old Style&quot;,serif\">Les interventions de la loi dans la m&eacute;decine pouvaient sembler, mais consister qu&rsquo;&agrave; la contr&eacute;e, la limiter, lui imposer les instructions et lui construire des gardes fous. Ce qui semble &ecirc;tre &agrave; l&rsquo;oppos&eacute; dans l&rsquo;intervention de la m&eacute;decine, dans le droit o&ugrave; son r&ocirc;le est d&rsquo;&eacute;clairer, de faciliter la t&acirc;che de celui du droit en fin d&rsquo;aider au mieux &agrave; trancher en toute &eacute;quit&eacute;. Cette contradiction est-elle r&eacute;elle ou apparente au lieu d&rsquo;&ecirc;tre contradictoire. Ces interventions mutuelles sont plut&ocirc;t compl&eacute;mentaires car les bases de l&rsquo;&eacute;thique m&eacute;dicale est la conservation de la vie humaine et l&rsquo;&eacute;tique du droit est la pr&eacute;servation de l&rsquo;int&eacute;grit&eacute; globale de l&rsquo;individu.</span></span></span></span></p>\r\n\r\n<p style=\"margin-left:0cm; margin-right:0cm; text-align:justify\"><span style=\"font-size:11pt\"><span style=\"font-family:&quot;Calibri&quot;,sans-serif\"><span style=\"font-size:10.0pt\"><span style=\"font-family:&quot;Bookman Old Style&quot;,serif\">Ces interventions r&eacute;ciproques sont sans doute souvent conceptuelles n&eacute;anmoins elles constituent un enrichissement que chaque discipline apporte &agrave; un autre pour se r&eacute;aliser le plus parfaitement possible. S&rsquo;agissant du r&ocirc;le de la m&eacute;decine&nbsp; l&eacute;gale, dans la dispensation de la justice, m&eacute;decin et juriste doivent se compl&eacute;ter.</span></span></span></span></p>\r\n\r\n<p style=\"margin-left:0cm; margin-right:0cm; text-align:justify\"><span style=\"font-size:11pt\"><span style=\"font-family:&quot;Calibri&quot;,sans-serif\"><span style=\"font-size:10.0pt\"><span style=\"font-family:&quot;Bookman Old Style&quot;,serif\">Beaucoup de trait&eacute;s de m&eacute;decine l&eacute;gale en proposent une longue liste, elles ne peuvent toutes se r&eacute;sumer dans cette belle r&eacute;flexion de MAGRATH&nbsp;: <strong><em>si la justice te cite comme t&eacute;moins, n&rsquo;oublie pas de rester homme de science, tu n&rsquo;as ni &agrave; venger une victime, ni &agrave; sauver un innocent, ni &agrave; an&eacute;antir un coupable. Ton devoir est d&rsquo;apporter des preuves conformes &agrave; ton savoir et &agrave; tes connaissances scientifiques.</em></strong></span></span></span></span></p>\r\n\r\n<p style=\"margin-left:0cm; margin-right:0cm; text-align:justify\">&nbsp;</p>\r\n\r\n<p style=\"margin-left:0cm; margin-right:0cm; text-align:justify\">&nbsp;</p>\r\n\r\n<p style=\"margin-left:0cm; margin-right:0cm; text-align:justify\">&nbsp;</p>\r\n\r\n<p style=\"margin-left:0cm; margin-right:0cm; text-align:justify\">&nbsp;</p>\r\n\r\n<p style=\"margin-left:0cm; margin-right:0cm; text-align:justify\">&nbsp;</p>\r\n\r\n<p style=\"margin-left:0cm; margin-right:0cm; text-align:justify\">&nbsp;</p>\r\n\r\n<p style=\"margin-left:0cm; margin-right:0cm; text-align:center\"><span style=\"font-size:11pt\"><span style=\"font-family:&quot;Calibri&quot;,sans-serif\"><a name=\"_Toc318307337\"><span style=\"font-size:16.0pt\"><span style=\"font-family:&quot;Bernard MT Condensed&quot;,serif\">CHAP. II. TRAUMATOLOGIE MEDICO-LEGALE</span></span></a></span></span></p>\r\n\r\n<p style=\"margin-left:0cm; margin-right:0cm; text-align:justify\"><span style=\"font-size:11pt\"><span style=\"font-family:&quot;Calibri&quot;,sans-serif\"><a name=\"_Toc318307338\"><span style=\"font-size:10.0pt\"><span style=\"font-family:&quot;Bookman Old Style&quot;,serif\">2.1. INTRODUCTION</span></span></a></span></span></p>\r\n\r\n<p style=\"margin-left:0cm; margin-right:0cm; text-align:justify\"><span style=\"font-size:11pt\"><span style=\"font-family:&quot;Calibri&quot;,sans-serif\"><span style=\"font-size:10.0pt\"><span style=\"font-family:&quot;Bookman Old Style&quot;,serif\">La reconnaissance des l&eacute;sions de violence caus&eacute;e par un tiers sur les victimes fait partie du devoir du m&eacute;decin, chez un sujet vivant, il devra fournir le certificat r&eacute;dig&eacute; de fa&ccedil;on rigoureuse et d&eacute;taill&eacute;e sans complaisance car ces l&eacute;sions de violence peuvent entrainer une r&eacute;orientation professionnelle. Chez un sujet mort, il devra signifier la mort constat&eacute;e aux autorit&eacute;s judiciaires.</span></span></span></span></p>\r\n\r\n<p style=\"margin-left:0cm; margin-right:0cm; text-align:justify\"><span style=\"font-size:11pt\"><span style=\"font-family:&quot;Calibri&quot;,sans-serif\"><span style=\"font-size:10.0pt\"><span style=\"font-family:&quot;Bookman Old Style&quot;,serif\">Le type de traumatisme en m&eacute;decine l&eacute;gale comprend plusieurs aspects&nbsp;:</span></span></span></span></p>\r\n\r\n<ul>\r\n	<li style=\"text-align:justify\"><span style=\"font-size:11pt\"><span style=\"font-family:&quot;Calibri&quot;,sans-serif\"><span style=\"font-size:10.0pt\"><span style=\"font-family:&quot;Bookman Old Style&quot;,serif\">La recherche de l&rsquo;agent traumatisant, (arme blanche, arme &agrave; feu, ATR&hellip;)</span></span></span></span></li>\r\n	<li style=\"text-align:justify\"><span style=\"font-size:11pt\"><span style=\"font-family:&quot;Calibri&quot;,sans-serif\"><span style=\"font-size:10.0pt\"><span style=\"font-family:&quot;Bookman Old Style&quot;,serif\">D&eacute;crire les circonstances dans lesquelles le traumatisme s&rsquo;est produit</span></span></span></span></li>\r\n	<li style=\"text-align:justify\"><span style=\"font-size:11pt\"><span style=\"font-family:&quot;Calibri&quot;,sans-serif\"><span style=\"font-size:10.0pt\"><span style=\"font-family:&quot;Bookman Old Style&quot;,serif\">Etablir ou exclure un lien de cause &agrave; effet entre le traumatisme et le d&eacute;g&acirc;t constat&eacute;.</span></span></span></span></li>\r\n	<li style=\"text-align:justify\"><span style=\"font-size:11pt\"><span style=\"font-family:&quot;Calibri&quot;,sans-serif\"><span style=\"font-size:10.0pt\"><span style=\"font-family:&quot;Bookman Old Style&quot;,serif\">D&eacute;terminer le degr&eacute; d&rsquo;incapacit&eacute; &eacute;ventuelle d&eacute;coulant de l&eacute;sions de traumatisme afin de la r&eacute;parer ou une r&eacute;orientation professionnelle.</span></span></span></span></li>\r\n</ul>\r\n\r\n<p style=\"margin-left:36pt; margin-right:0cm; text-align:justify\">&nbsp;</p>\r\n\r\n<p style=\"margin-left:0cm; margin-right:0cm; text-align:justify\"><span style=\"font-size:11pt\"><span style=\"font-family:&quot;Calibri&quot;,sans-serif\"><a name=\"_Toc318307339\"><strong><span style=\"font-size:10.0pt\"><span style=\"font-family:&quot;Bookman Old Style&quot;,serif\">2.2. Les l&eacute;sions &eacute;l&eacute;mentaires</span></span></strong></a></span></span></p>\r\n\r\n<p style=\"margin-left:0cm; margin-right:0cm; text-align:justify\"><span style=\"font-size:11pt\"><span style=\"font-family:&quot;Calibri&quot;,sans-serif\"><span style=\"font-size:10.0pt\"><span style=\"font-family:&quot;Bookman Old Style&quot;,serif\">Au cours des traumatismes m&eacute;dico-l&eacute;gales, plusieurs l&eacute;sions &eacute;l&eacute;mentaires peuvent survenir. Les plus fr&eacute;quemment rencontr&eacute;es sont les suivantes&nbsp;:</span></span></span></span></p>\r\n\r\n<ol>\r\n	<li style=\"text-align:justify\"><span style=\"font-size:11pt\"><span style=\"font-family:&quot;Calibri&quot;,sans-serif\"><strong><span style=\"font-size:10.0pt\"><span style=\"font-family:&quot;Bookman Old Style&quot;,serif\">Abrasion ou excoriation</span></span></strong><span style=\"font-size:10.0pt\"><span style=\"font-family:&quot;Bookman Old Style&quot;,serif\"> est une l&eacute;sion due &agrave; un&nbsp; frottement avec arrachement de la partie superficielle de la peau (&eacute;piderme) laissant le derme &agrave; nue. Ce qui entraine un suintement de liquide avec une formation de croute ou une crouttelle.</span></span></span></span></li>\r\n</ol>\r\n\r\n<p style=\"margin-left:0cm; margin-right:0cm; text-align:justify\"><span style=\"font-size:11pt\"><span style=\"font-family:&quot;Calibri&quot;,sans-serif\"><span style=\"font-size:10.0pt\"><span style=\"font-family:&quot;Bookman Old Style&quot;,serif\">Du point de vu m&eacute;dico-l&eacute;gal, cette l&eacute;sion est la plus informative et l&rsquo;importante compar&eacute;e aux autres car elle laisse g&eacute;n&eacute;ralement des empreintes ind&eacute;l&eacute;biles. Ces empreintes peuvent renseigner sur la nature de l&rsquo;agent traumatisant, et cette l&eacute;sion est la plus superficielle des l&eacute;sions &eacute;l&eacute;mentaires et plus permanentes en cas de traumatisme m&eacute;dico-l&eacute;gale.</span></span></span></span></p>\r\n\r\n<p style=\"margin-left:0cm; margin-right:0cm; text-align:justify\"><span style=\"font-size:11pt\"><span style=\"font-family:&quot;Calibri&quot;,sans-serif\"><a name=\"_Toc318307340\"><span style=\"font-size:10.0pt\"><span style=\"font-family:&quot;Bookman Old Style&quot;,serif\">Ex&nbsp;: gout d&rsquo;ongles, trace d&rsquo;un lien, fouet,&hellip;</span></span></a></span></span></p>\r\n\r\n<ol start=\"2\">\r\n	<li style=\"text-align:justify\"><span style=\"font-size:11pt\"><span style=\"font-family:&quot;Calibri&quot;,sans-serif\"><strong><span style=\"font-size:10.0pt\"><span style=\"font-family:&quot;Bookman Old Style&quot;,serif\">La contusion</span></span></strong><span style=\"font-size:10.0pt\"><span style=\"font-family:&quot;Bookman Old Style&quot;,serif\"> une rupture du capillaire accompagn&eacute;e de saignement dans le tissu entrainant la formation des ecchymoses et h&eacute;matomes.</span></span></span></span></li>\r\n</ol>\r\n\r\n<p style=\"margin-left:36pt; margin-right:0cm; text-align:justify\"><span style=\"font-size:11pt\"><span style=\"font-family:&quot;Calibri&quot;,sans-serif\"><span style=\"font-size:10.0pt\"><span style=\"font-family:&quot;Bookman Old Style&quot;,serif\">Du point de vu m&eacute;dico-l&eacute;gal, cette l&eacute;sion laisse de trace au niveau de&nbsp;:</span></span></span></span></p>\r\n\r\n<ol style=\"list-style-type:lower-alpha\">\r\n	<li style=\"text-align:justify\"><span style=\"font-size:11pt\"><span style=\"font-family:&quot;Calibri&quot;,sans-serif\"><span style=\"font-size:10.0pt\"><span style=\"font-family:&quot;Bookman Old Style&quot;,serif\">La peau o&ugrave; l&rsquo;on note de gonflement (tum&eacute;faction), des colorations bleu&acirc;tres fonc&eacute;es (cyanose) qui disparaissent apr&egrave;s quelques jours (suite &agrave; la d&eacute;gradation d&rsquo;Hb), sur un cadavre, la coloration bleue verd&acirc;tre pour &ecirc;tre plus accentu&eacute;e et dure plus longtemps que chez les vivants (l&eacute;sions informatives).</span></span></span></span></li>\r\n	<li style=\"text-align:justify\"><span style=\"font-size:11pt\"><span style=\"font-family:&quot;Calibri&quot;,sans-serif\"><span style=\"font-size:10.0pt\"><span style=\"font-family:&quot;Bookman Old Style&quot;,serif\">Au niveau des visc&egrave;res</span></span></span></span>\r\n	<ul style=\"list-style-type:circle\">\r\n		<li style=\"text-align:justify\"><span style=\"font-size:11pt\"><span style=\"font-family:&quot;Calibri&quot;,sans-serif\"><span style=\"font-size:10.0pt\"><span style=\"font-family:&quot;Bookman Old Style&quot;,serif\">Cerveau&nbsp;: elle se manifeste par h&eacute;morragies au niveau de l&rsquo;enc&eacute;phale pouvant &ecirc;tre m&eacute;ning&eacute;e ou ', 2, 2, '2019-01-17 21:53:20', 'La médecine légale est l’étude de toute les situations juridiques qui s’établissent à l’occasion ou par le goût de l’exercice des professions médicales.');
INSERT INTO `ouvrage` (`id_ouvrage`, `nbre_page`, `titre`, `contenu`, `id_cat`, `id_maison`, `created`, `resume`) VALUES
(6, 0, 'Discours pour la celebration de l\'anniversaire', '<p style=\"margin-left:0cm; margin-right:0cm; text-align:center\"><span style=\"font-size:11pt\"><span style=\"font-family:&quot;Calibri&quot;,sans-serif\"><strong><u><span style=\"font-size:12.0pt\"><span style=\"font-family:&quot;Arial Black&quot;,sans-serif\">DISCOURS POUR LA CELEBRATION D&rsquo;ANNIVERSAIRE DE L&rsquo;AVP</span></span></u></strong></span></span></p>\r\n\r\n<ol>\r\n	<li value=\"0\"><span style=\"font-size:11pt\"><span style=\"font-family:&quot;Calibri&quot;,sans-serif\"><strong><span style=\"font-family:&quot;Arial Unicode MS&quot;,sans-serif\">PRIERE</span></strong></span></span></li>\r\n</ol>\r\n\r\n<p style=\"margin-left:0cm; margin-right:0cm\"><span style=\"font-size:11pt\"><span style=\"font-family:&quot;Calibri&quot;,sans-serif\"><strong><span style=\"font-family:&quot;Arial Unicode MS&quot;,sans-serif\">INTRODUCTION</span></strong></span></span></p>\r\n\r\n<p style=\"margin-left:0cm; margin-right:0cm\"><span style=\"font-size:11pt\"><span style=\"font-family:&quot;Calibri&quot;,sans-serif\"><span style=\"font-size:12.0pt\"><span style=\"font-family:&quot;Arial Unicode MS&quot;,sans-serif\">Nous sommes r&eacute;unis aujourd&rsquo;hui ici dans la joie pour c&eacute;l&eacute;brer le premier anniversaire de notre <strong>A</strong>ssociation de <strong>V</strong>endeuses de <strong>P</strong>ains &laquo;&nbsp;<strong>A V P </strong>en sigle&nbsp;&raquo; qui totalise cinq ans de son existence.</span></span></span></span></p>\r\n\r\n<p style=\"margin-left:0cm; margin-right:0cm\"><span style=\"font-size:11pt\"><span style=\"font-family:&quot;Calibri&quot;,sans-serif\"><span style=\"font-size:12.0pt\"><span style=\"font-family:&quot;Arial Unicode MS&quot;,sans-serif\">Notre association a vu le jour en 2011 et mis en place en 2012 avec une ossature de plusieurs membres dont les unes nous ont quitt&eacute;es par la mort et d&rsquo;autres par la distance r&eacute;sidentielle qui ne leur permet pas d&rsquo;y participer.<strong> </strong></span></span></span></span></p>\r\n\r\n<p style=\"margin-left:0cm; margin-right:0cm\"><span style=\"font-size:11pt\"><span style=\"font-family:&quot;Calibri&quot;,sans-serif\"><span style=\"font-size:12.0pt\"><span style=\"font-family:&quot;Arial Unicode MS&quot;,sans-serif\">Cette association a &eacute;t&eacute; fond&eacute; par <strong>Madame Julienne TSHIOMPILA</strong> qui est la pr&eacute;sidente de ladite association, suivie de <strong>Madame Jeannette MALILA</strong> la vice-pr&eacute;sidente et en m&ecirc;me temps secr&eacute;taire, en troisi&egrave;me lieu nous avons <strong>Madame BEBE KAMALANDU</strong> qui est notre tr&eacute;sori&egrave;re en m&ecirc;me temps charg&eacute;e des relations publiques, en cela surviennent nos trois conseill&egrave;res&nbsp;: <strong>Madame FUMUKALA Henriette</strong>, <strong>Madame Pauline LITELI</strong> et <strong>Madame MAYI-Isabelle.</strong></span></span></span></span></p>\r\n\r\n<p style=\"margin-left:0cm; margin-right:0cm\"><span style=\"font-size:11pt\"><span style=\"font-family:&quot;Calibri&quot;,sans-serif\"><span style=\"font-size:12.0pt\"><span style=\"font-family:&quot;Arial Unicode MS&quot;,sans-serif\">Actuellement l&rsquo;AVP compte 16 femmes membres qui par leur propres efforts et bonne initiative nous ont fait l&rsquo;honneur de se r&eacute;unir aujourd&rsquo;hui &agrave; ce temps pour savourer les moments si heureux et joyeux dont nous voici.</span></span></span></span></p>\r\n\r\n<p style=\"margin-left:0cm; margin-right:0cm\"><span style=\"font-size:11pt\"><span style=\"font-family:&quot;Calibri&quot;,sans-serif\"><span style=\"font-size:12.0pt\"><span style=\"font-family:&quot;Arial Unicode MS&quot;,sans-serif\">Nous tenons &agrave; remercier tous ceux qui ont r&eacute;pondu &agrave; notre invitation notamment&nbsp;:</span></span></span></span></p>\r\n\r\n<ul>\r\n	<li><span style=\"font-size:11pt\"><span style=\"font-family:&quot;Calibri&quot;,sans-serif\"><span style=\"font-size:12.0pt\"><span style=\"font-family:&quot;Arial Unicode MS&quot;,sans-serif\">L&rsquo;honorable d&eacute;put&eacute; Papa NGIESI</span></span></span></span></li>\r\n	<li><span style=\"font-size:11pt\"><span style=\"font-family:&quot;Calibri&quot;,sans-serif\"><span style=\"font-size:12.0pt\"><span style=\"font-family:&quot;Arial Unicode MS&quot;,sans-serif\">Le chef d&rsquo;avenue</span></span></span></span></li>\r\n	<li><span style=\"font-size:11pt\"><span style=\"font-family:&quot;Calibri&quot;,sans-serif\"><span style=\"font-size:12.0pt\"><span style=\"font-family:&quot;Arial Unicode MS&quot;,sans-serif\">Le propri&eacute;taire de cet espace dont nous nous rassemblons chaque premier et dernier dimanche du mois Monsieur TOKO Alphonse.</span></span></span></span></li>\r\n	<li><span style=\"font-size:11pt\"><span style=\"font-family:&quot;Calibri&quot;,sans-serif\"><span style=\"font-size:12.0pt\"><span style=\"font-family:&quot;Arial Unicode MS&quot;,sans-serif\">Et nos tr&egrave;s chers invit&eacute;s qui se sont pr&eacute;sent&eacute;s ce soir pour partager ensemble avec nous cette heureuse manifestation.</span></span></span></span></li>\r\n</ul>\r\n\r\n<p style=\"margin-left:0cm; margin-right:0cm\">&nbsp;</p>\r\n\r\n<p style=\"margin-left:0cm; margin-right:0cm\">&nbsp;</p>\r\n\r\n<p style=\"margin-left:0cm; margin-right:0cm; text-align:center\"><span style=\"font-size:11pt\"><span style=\"font-family:&quot;Calibri&quot;,sans-serif\"><strong><span style=\"font-size:14.0pt\"><span style=\"font-family:&quot;Arial Unicode MS&quot;,sans-serif\">A tous nos sinc&egrave;res remerciements&nbsp;!</span></span></strong></span></span></p>\r\n\r\n<p style=\"margin-left:0cm; margin-right:0cm\">&nbsp;</p>\r\n', 4, 1, '2019-01-19 13:23:35', 'Nous sommes réunis aujourd’hui ici dans la joie pour célébrer le premier anniversaire de notre Association de Vendeuses de Pains « A V P en sigle » qui totalise cinq ans de son existence.'),
(10, 1, 'Ma citation', '<p style=\"margin-left:0cm; margin-right:0cm; text-align:center\"><span style=\"font-size:11pt\"><span style=\"font-family:&quot;Calibri&quot;,sans-serif\"><strong><span style=\"font-size:24.0pt\"><span style=\"font-family:Consolas\">LA MORT</span></span></strong></span></span></p>\r\n\r\n<p style=\"margin-left:0cm; margin-right:0cm\"><span style=\"font-size:11pt\"><span style=\"font-family:&quot;Calibri&quot;,sans-serif\"><span style=\"font-size:12.0pt\"><span style=\"font-family:Consolas\">Partout, en tout moment nous sommes entour&eacute;s des objets qui permettent facilement &agrave; la mort de nous atteindre.</span></span></span></span></p>\r\n\r\n<p style=\"margin-left:0cm; margin-right:0cm\"><span style=\"font-size:11pt\"><span style=\"font-family:&quot;Calibri&quot;,sans-serif\"><span style=\"font-size:12.0pt\"><span style=\"font-family:Consolas\">La mort est partout&nbsp;: dans le bus, l&rsquo;avion, &agrave; la maison, au lit, pendant le sommeil, en ville, au village, au bureau...</span></span></span></span></p>\r\n\r\n<p style=\"margin-left:0cm; margin-right:0cm\"><span style=\"font-size:11pt\"><span style=\"font-family:&quot;Calibri&quot;,sans-serif\"><span style=\"font-size:12.0pt\"><span style=\"font-family:Consolas\">Personne ne peut s&rsquo;&eacute;chapper de lui, quand il vous atteint, le grand chagrin attrape ceux qui vous aimaient beaucoup, tout le monde choqu&eacute;, des pleurs, mais cela est aussi une occasion de joie pour ceux qui vous d&eacute;testaient.</span></span></span></span></p>\r\n\r\n<p style=\"margin-left:0cm; margin-right:0cm\"><span style=\"font-size:11pt\"><span style=\"font-family:&quot;Calibri&quot;,sans-serif\"><span style=\"font-size:12.0pt\"><span style=\"font-family:Consolas\">Personne ne sait o&ugrave; et quand la mort lui saisira, d&rsquo;autres personnes (sorciers, occultistes, f&eacute;ticheurs...) pensent pour qu&rsquo;elles s&rsquo;&eacute;chappent de la mort, elles doivent tuer les autres pour prendre leurs jours restants de vivre, or tout est contraire. Chacun a son ann&eacute;e, mois, jour, heure, minute, seconde; son lieu. Comme tout homme a une date et lieu de naissance, ainsi pareil qu&rsquo;il y aura aussi une date et un lieu de d&eacute;c&egrave;s.</span></span></span></span></p>\r\n\r\n<p style=\"margin-left:0cm; margin-right:0cm\"><span style=\"font-size:11pt\"><span style=\"font-family:&quot;Calibri&quot;,sans-serif\"><span style=\"font-size:12.0pt\"><span style=\"font-family:Consolas\">La mort est avantag&eacute;e pour d&rsquo;autres personnes qui trouvent que le monde n&rsquo;a rien d&rsquo;assez important pour eux. Quelqu&rsquo;un qui fait vingt trente, quarante ans &agrave; l&rsquo;h&ocirc;pital toujours souffrant trouvera que la vie ne lui sert plus &agrave; rien, il pr&eacute;f&egrave;rerait mourir pour en finir une fois pour toutes que continuer de souffrir. De m&ecirc;me d&rsquo;autres personnes trouvent la mort b&eacute;n&eacute;fique pour quitter ce monde &agrave; cause des p&eacute;ch&eacute;s et de la perversion du monde, d&rsquo;autres vue qu&rsquo;elles sont incapables d&rsquo;assumer leur responsabilit&eacute; en tant que parent pr&eacute;f&egrave;rent mourir parce que la vie lui prend toute la t&ecirc;te. Chacun avec sa propre raison.</span></span></span></span></p>\r\n\r\n<p style=\"margin-left:0cm; margin-right:0cm\"><span style=\"font-size:11pt\"><span style=\"font-family:&quot;Calibri&quot;,sans-serif\"><span style=\"font-size:12.0pt\"><span style=\"font-family:Consolas\">Quand Dieu avait cr&eacute;&eacute; le monde, la mort n&rsquo;existe pas, ni les malheurs, ni souffrances. Il avait plac&eacute; la vie dans chaque cr&eacute;ature, tout &eacute;tait prosp&egrave;re, mais le diable &eacute;tait venu tout pervertir. <strong><em>Il a perverti la vie &agrave; la mort, la v&eacute;rit&eacute; en mensonge, le bonheur en malheur, l&rsquo;amour en haine, le piti&eacute; en m&eacute;chancet&eacute;...</em></strong></span></span></span></span></p>\r\n\r\n<p style=\"margin-left:0cm; margin-right:0cm\">&nbsp;</p>\r\n\r\n<p style=\"margin-left:0cm; margin-right:0cm; text-align:center\"><span style=\"font-size:11pt\"><span style=\"font-family:&quot;Calibri&quot;,sans-serif\"><strong><span style=\"font-size:24.0pt\"><span style=\"font-family:Consolas\">LA VANITE</span></span></strong></span></span></p>\r\n\r\n<p style=\"margin-left:0cm; margin-right:0cm\"><span style=\"font-size:11pt\"><span style=\"font-family:&quot;Calibri&quot;,sans-serif\"><span style=\"font-size:12.0pt\"><span style=\"font-family:Consolas\">Ouais nous vivons sur la terre&nbsp;; ce dernier est rempli des pleines de choses, beaucoup que nous n&rsquo;avons jamais vu, d&rsquo;autres que nous ne verrons jamais jusqu&rsquo;&agrave; ce que nous mourrons.</span></span></span></span></p>\r\n\r\n<p style=\"margin-left:0cm; margin-right:0cm\"><span style=\"font-size:11pt\"><span style=\"font-family:&quot;Calibri&quot;,sans-serif\"><span style=\"font-size:12.0pt\"><span style=\"font-family:Consolas\">Et bien peu importe le rang social, la richesse, l&rsquo;honneur, le pouvoir ou toute autre chose pr&eacute;cieuse que nous pourrions avoir sur cette terre, mais rien n&rsquo;est comme la parole de Dieu, et tout ce que nous poss&eacute;dons sur cette terre disparaitra un jour, quand nous mourrons, tout reste et peu importe combien nous pourrions &ecirc;tre manqu&eacute; par ceux qui nous aiment, mais un jour nos noms seront effac&eacute;s de leurs m&eacute;moires, et ils continueront leurs vies en vous oubliant compl&eacute;tement.</span></span></span></span></p>\r\n\r\n<p style=\"margin-left:0cm; margin-right:0cm\"><span style=\"font-size:11pt\"><span style=\"font-family:&quot;Calibri&quot;,sans-serif\"><span style=\"font-size:12.0pt\"><span style=\"font-family:Consolas\">Il n&rsquo;y a qu&rsquo;une seule chose que depuis lors je n&rsquo;ai jamais eu sur cette terre si ce n&rsquo;est que la gr&acirc;ce de Dieu, quelque chose que je n&rsquo;ai point m&eacute;rit&eacute;, &ccedil;a ne d&eacute;pend ni de ma volont&eacute;, ni de mes efforts, ni de mes parents,&nbsp; c&rsquo;est Dieu qui choisit, c&rsquo;est lui seul qui fait mis&eacute;ricorde &agrave; qui il veut.</span></span></span></span></p>\r\n', 1, 1, '2019-02-03 16:49:33', NULL);

-- --------------------------------------------------------

--
-- Structure de la table `souscrire`
--

CREATE TABLE `souscrire` (
  `id` int(11) NOT NULL,
  `id_lect` int(11) NOT NULL,
  `id_abonnement` int(11) NOT NULL,
  `annee_debut` varchar(10) NOT NULL,
  `annee_fin` varchar(10) NOT NULL,
  `nbre_ouvrage_a_lire` int(11) DEFAULT '0',
  `nbre_ouvrage_a_telec` int(11) DEFAULT '0'
) ENGINE=InnoDB DEFAULT CHARSET=utf8;

--
-- Déchargement des données de la table `souscrire`
--

INSERT INTO `souscrire` (`id`, `id_lect`, `id_abonnement`, `annee_debut`, `annee_fin`, `nbre_ouvrage_a_lire`, `nbre_ouvrage_a_telec`) VALUES
(1, 5, 2, '2019-01-18', '2020-01-18', 30, 15),
(2, 3, 2, '2019-01-19', '2020-01-19', 30, 15),
(3, 3, 2, '2019-01-19', '2020-01-19', 30, 15),
(4, 3, 2, '2019-01-19', '2020-01-19', 30, 15),
(5, 3, 2, '2019-01-19', '2020-01-19', 30, 15),
(6, 18, 2, '2019-01-19', '2020-01-19', 30, 15),
(7, 19, 1, '2019-01-19', '2020-01-19', 7, 3),
(8, 20, 2, '2019-01-19', '2020-01-19', 30, 15),
(9, 21, 3, '2019-01-19', '2020-01-19', 122, 68),
(10, 22, 2, '2019-02-01', '2020-02-01', 60, 30),
(11, 1, 2, '2019-02-04', '2020-02-04', 5010, 2505);

--
-- Index pour les tables déchargées
--

--
-- Index pour la table `abonnement`
--
ALTER TABLE `abonnement`
  ADD PRIMARY KEY (`id_abonnement`);

--
-- Index pour la table `auteur`
--
ALTER TABLE `auteur`
  ADD PRIMARY KEY (`id_auteur`),
  ADD UNIQUE KEY `numTel` (`numTel`);

--
-- Index pour la table `categorie`
--
ALTER TABLE `categorie`
  ADD PRIMARY KEY (`id_cat`);

--
-- Index pour la table `consulter`
--
ALTER TABLE `consulter`
  ADD PRIMARY KEY (`id_lect`,`id_ouvrage`),
  ADD KEY `id_ouvrage` (`id_ouvrage`);

--
-- Index pour la table `ecrire`
--
ALTER TABLE `ecrire`
  ADD KEY `id_ouvrage` (`id_ouvrage`),
  ADD KEY `id_auteur` (`id_auteur`);

--
-- Index pour la table `lecteur`
--
ALTER TABLE `lecteur`
  ADD PRIMARY KEY (`id_lect`);

--
-- Index pour la table `maison_edition`
--
ALTER TABLE `maison_edition`
  ADD PRIMARY KEY (`id_maison`);

--
-- Index pour la table `ouvrage`
--
ALTER TABLE `ouvrage`
  ADD PRIMARY KEY (`id_ouvrage`),
  ADD KEY `id_cat` (`id_cat`),
  ADD KEY `id_maison` (`id_maison`);

--
-- Index pour la table `souscrire`
--
ALTER TABLE `souscrire`
  ADD PRIMARY KEY (`id`),
  ADD KEY `id_lect` (`id_lect`),
  ADD KEY `id_abonnement` (`id_abonnement`);

--
-- AUTO_INCREMENT pour les tables déchargées
--

--
-- AUTO_INCREMENT pour la table `abonnement`
--
ALTER TABLE `abonnement`
  MODIFY `id_abonnement` int(11) NOT NULL AUTO_INCREMENT, AUTO_INCREMENT=4;
--
-- AUTO_INCREMENT pour la table `auteur`
--
ALTER TABLE `auteur`
  MODIFY `id_auteur` int(11) NOT NULL AUTO_INCREMENT, AUTO_INCREMENT=5;
--
-- AUTO_INCREMENT pour la table `categorie`
--
ALTER TABLE `categorie`
  MODIFY `id_cat` int(11) NOT NULL AUTO_INCREMENT, AUTO_INCREMENT=5;
--
-- AUTO_INCREMENT pour la table `lecteur`
--
ALTER TABLE `lecteur`
  MODIFY `id_lect` int(11) NOT NULL AUTO_INCREMENT, AUTO_INCREMENT=23;
--
-- AUTO_INCREMENT pour la table `maison_edition`
--
ALTER TABLE `maison_edition`
  MODIFY `id_maison` int(11) NOT NULL AUTO_INCREMENT, AUTO_INCREMENT=3;
--
-- AUTO_INCREMENT pour la table `ouvrage`
--
ALTER TABLE `ouvrage`
  MODIFY `id_ouvrage` int(11) NOT NULL AUTO_INCREMENT, AUTO_INCREMENT=11;
--
-- AUTO_INCREMENT pour la table `souscrire`
--
ALTER TABLE `souscrire`
  MODIFY `id` int(11) NOT NULL AUTO_INCREMENT, AUTO_INCREMENT=12;
--
-- Contraintes pour les tables déchargées
--

--
-- Contraintes pour la table `consulter`
--
ALTER TABLE `consulter`
  ADD CONSTRAINT `consulter_ibfk_1` FOREIGN KEY (`id_lect`) REFERENCES `lecteur` (`id_lect`),
  ADD CONSTRAINT `consulter_ibfk_2` FOREIGN KEY (`id_lect`) REFERENCES `lecteur` (`id_lect`),
  ADD CONSTRAINT `consulter_ibfk_3` FOREIGN KEY (`id_ouvrage`) REFERENCES `ouvrage` (`id_ouvrage`);

--
-- Contraintes pour la table `ecrire`
--
ALTER TABLE `ecrire`
  ADD CONSTRAINT `ecrire_ibfk_1` FOREIGN KEY (`id_ouvrage`) REFERENCES `ouvrage` (`id_ouvrage`),
  ADD CONSTRAINT `ecrire_ibfk_2` FOREIGN KEY (`id_auteur`) REFERENCES `auteur` (`id_auteur`);

--
-- Contraintes pour la table `ouvrage`
--
ALTER TABLE `ouvrage`
  ADD CONSTRAINT `ouvrage_ibfk_1` FOREIGN KEY (`id_cat`) REFERENCES `categorie` (`id_cat`),
  ADD CONSTRAINT `ouvrage_ibfk_2` FOREIGN KEY (`id_maison`) REFERENCES `maison_edition` (`id_maison`);

--
-- Contraintes pour la table `souscrire`
--
ALTER TABLE `souscrire`
  ADD CONSTRAINT `souscrire_ibfk_1` FOREIGN KEY (`id_lect`) REFERENCES `lecteur` (`id_lect`),
  ADD CONSTRAINT `souscrire_ibfk_2` FOREIGN KEY (`id_abonnement`) REFERENCES `abonnement` (`id_abonnement`);
COMMIT;

/*!40101 SET CHARACTER_SET_CLIENT=@OLD_CHARACTER_SET_CLIENT */;
/*!40101 SET CHARACTER_SET_RESULTS=@OLD_CHARACTER_SET_RESULTS */;
/*!40101 SET COLLATION_CONNECTION=@OLD_COLLATION_CONNECTION */;
